quality_score,dataset_title,resource_name,resource_format,row_count,columns,components,question
8.5,Daten der Raddauerzählstellen München 2026,15 Minuten-Werte - Januar 2026 - Daten der Raddauerzählstellen,csv,14880,7,"InsightCard,MetricGrid,BarChart,DataTable",Summarize Daten der Raddauerzählstellen München 2026 and compare richtung_1 by zaehlstelle.
8.5,Daten der Raddauerzählstellen München 2026,Tageswerte und Wetter - Januar 2026 - Daten der Raddauerzählstellen München,csv,155,12,"InsightCard,MetricGrid,BarChart,DataTable",Summarize Daten der Raddauerzählstellen München 2026 and compare richtung_1 by zaehlstelle.
8.5,Daten der Raddauerzählstellen München 2026,15 Minuten-Werte - Februar 2026 - Daten der Raddauerzählstellen,csv,13440,7,"InsightCard,MetricGrid,BarChart,DataTable",Summarize Daten der Raddauerzählstellen München 2026 and compare richtung_1 by zaehlstelle.
8.5,Daten der Raddauerzählstellen München 2026,Tageswerte und Wetter - Februar 2026 - Daten der Raddauerzählstellen München,csv,140,12,"InsightCard,MetricGrid,BarChart,DataTable",Summarize Daten der Raddauerzählstellen München 2026 and compare richtung_1 by zaehlstelle.
8.5,Daten der Raddauerzählstellen München 2026,15 Minuten-Werte - März 2026 - Daten der Raddauerzählstellen,csv,14880,7,"InsightCard,MetricGrid,BarChart,DataTable",Summarize Daten der Raddauerzählstellen München 2026 and compare richtung_1 by zaehlstelle.
8.5,Daten der Raddauerzählstellen München 2026,Tageswerte und Wetter - März 2026 - Daten der Raddauerzählstellen München,csv,155,12,"InsightCard,MetricGrid,BarChart,DataTable",Summarize Daten der Raddauerzählstellen München 2026 and compare richtung_1 by zaehlstelle.
8.5,Daten der Raddauerzählstellen München 2026,15 Minuten-Werte - April 2026 - Daten der Raddauerzählstellen,csv,14400,7,"InsightCard,MetricGrid,BarChart,DataTable",Summarize Daten der Raddauerzählstellen München 2026 and compare richtung_1 by zaehlstelle.
8.5,Daten der Raddauerzählstellen München 2026,Tageswerte und Wetter - April 2026 - Daten der Raddauerzählstellen München,csv,150,12,"InsightCard,MetricGrid,BarChart,DataTable",Summarize Daten der Raddauerzählstellen München 2026 and compare richtung_1 by zaehlstelle.
8.5,Daten der Raddauerzählstellen München 2026,15 Minuten-Werte - Mai 2026 - Daten der Raddauerzählstellen,csv,12288,7,"InsightCard,MetricGrid,BarChart,DataTable",Summarize Daten der Raddauerzählstellen München 2026 and compare richtung_1 by zaehlstelle.
8.5,Daten der Raddauerzählstellen München 2026,Tageswerte und Wetter - Mai 2026 - Daten der Raddauerzählstellen München,csv,128,12,"InsightCard,MetricGrid,BarChart,DataTable",Summarize Daten der Raddauerzählstellen München 2026 and compare richtung_1 by zaehlstelle.
8.5,Informationen zu Straßennamen,WFS (CSV),csv,,7,"InsightCard,MetricGrid,BarChart,DataTable",Summarize Informationen zu Straßennamen and compare namenserlaeuterung by namenstyp.
8.5,Allgemeine Carsharing-Parkplätze,WFS (CSV),csv,689,12,"InsightCard,MetricGrid,BarChart,DataTable",Summarize Allgemeine Carsharing-Parkplätze and compare objectid by sonderparken_typ.
8.5,Abstellflächen für E-Tretroller,WFS (CSV),csv,397,12,"InsightCard,MetricGrid,BarChart,DataTable",Summarize Abstellflächen für E-Tretroller and compare objectid by tretrollersharing.
8.5,Lastenradsharing Abstellflächen,WFS (CSV),csv,313,12,"InsightCard,MetricGrid,BarChart,DataTable",Summarize Lastenradsharing Abstellflächen and compare objectid by tretrollersharing.
8.5,Stationsbasierte Carsharing-Parkplätze,WFS (CSV),csv,200,12,"InsightCard,MetricGrid,BarChart,DataTable",Summarize Stationsbasierte Carsharing-Parkplätze and compare objectid by anbietername.
8.5,Geofences für E-Tretroller,WFS (CSV),csv,349,12,"InsightCard,MetricGrid,BarChart,DataTable",Summarize Geofences für E-Tretroller and compare objectid by bikesharing.
8.5,Abstellflächen für E-Motorroller,WFS (CSV),csv,340,12,"InsightCard,MetricGrid,BarChart,DataTable",Summarize Abstellflächen für E-Motorroller and compare objectid by tretrollersharing.
8.5,Abstellflächen für Bikesharing,WFS (CSV),csv,365,12,"InsightCard,MetricGrid,BarChart,DataTable",Summarize Abstellflächen für Bikesharing and compare objectid by tretrollersharing.
8.5,Mobilitätspunkte,WFS (CSV),csv,120,12,"InsightCard,MetricGrid,BarChart,DataTable",Summarize Mobilitätspunkte and compare objectid by gaf_ts_vorhanden.
8.5,Radlstadtplan (Radfahren entgegen Einbahnstraße erlaubt),WFS (CSV),csv,284,9,"InsightCard,MetricGrid,BarChart,DataTable",Summarize Radlstadtplan (Radfahren entgegen Einbahnstraße erlaubt) and compare status by status_bedeutung.
8.5,Radlstadtplan (Gemeinsame Rad- und Fußwege),WFS (CSV),csv,,12,"InsightCard,MetricGrid,BarChart,DataTable",Summarize Radlstadtplan (Gemeinsame Rad- und Fußwege) and compare richtung by status_bedeutung.
8.5,Radlstadtplan (Verkehrsberuhigter Bereich / Tempo-30-Zone),WFS (CSV),csv,,10,"InsightCard,MetricGrid,BarChart,DataTable",Summarize Radlstadtplan (Verkehrsberuhigter Bereich / Tempo-30-Zone) and compare status by typ.
8.5,Radlstadtplan (Radwege),WFS (CSV),csv,,12,"InsightCard,MetricGrid,BarChart,DataTable",Summarize Radlstadtplan (Radwege) and compare richtung by status_bedeutung.
8.5,Radlstadtplan (Für Fuß- und Radverkehr freigegebene Forst- und Feldwege),WFS (CSV),csv,,12,"InsightCard,MetricGrid,BarChart,DataTable",Summarize Radlstadtplan (Für Fuß- und Radverkehr freigegebene Forst- und Feldwege) and compare richtung by status_bedeutung.
8.5,"Baustellen - Temporäre Einschränkungen beim Gehen, Fahren und Parken (Opendata)",WFS (CSV),csv,,10,"InsightCard,MetricGrid,BarChart,DataTable","Summarize Baustellen - Temporäre Einschränkungen beim Gehen, Fahren und Parken (Opendata) and compare beeintraechtigung by art."
8.5,Bisherige Veranstaltungen der Messe München,Veranstaltungsdaten ab 2018,csv,305,12,"InsightCard,MetricGrid,BarChart,DataTable",Summarize Bisherige Veranstaltungen der Messe München and compare veranstaltungsjahr by messetyp.
8.5,Indikatorenatlas: Verkehr - Motorisierungsgrad Personenkraftwagen und Krafträder,Motorisierungsgrad Personenkraftwagen und Krafträder,csv,1352,9,"InsightCard,MetricGrid,BarChart,DataTable",Summarize Indikatorenatlas: Verkehr - Motorisierungsgrad Personenkraftwagen und Krafträder and compare Indikatorwert by Auspragung.
8.5,Indikatorenatlas: Verkehr - Motorisierungsgrad Personenkraftwagen,Motorisierungsgrad Personenkraftwagen,csv,1352,9,"InsightCard,MetricGrid,BarChart,DataTable",Summarize Indikatorenatlas: Verkehr - Motorisierungsgrad Personenkraftwagen and compare Indikatorwert by Auspragung.
8.5,Indikatorenatlas: Verkehr - Erstzulassungsanteil Personenkraftwagen,Erstzulassungsanteil Personenkraftwagen,csv,1040,9,"InsightCard,MetricGrid,BarChart,DataTable",Summarize Indikatorenatlas: Verkehr - Erstzulassungsanteil Personenkraftwagen and compare Indikatorwert by Auspragung.
8.5,Indikatorenatlas: Kinderbetreuung - Einrichtungsträger,Träger der Einrichtung,csv,988,9,"InsightCard,MetricGrid,BarChart,DataTable",Summarize Indikatorenatlas: Kinderbetreuung - Einrichtungsträger and compare Indikatorwert by Auspragung.
8.5,Indikatorenatlas: Kinderbetreuung - Betreuungsangebot,Betreuungsangebot,csv,494,9,"InsightCard,MetricGrid,BarChart,DataTable",Summarize Indikatorenatlas: Kinderbetreuung - Betreuungsangebot and compare Indikatorwert by Indikator.
8.5,Indikatorenatlas: Kinderbetreuung - Altersgruppen Familiensprache nichtdeutsch,Altersgruppen Familiensprache nichtdeutsch,csv,1482,9,"InsightCard,MetricGrid,BarChart,DataTable",Summarize Indikatorenatlas: Kinderbetreuung - Altersgruppen Familiensprache nichtdeutsch and compare Indikatorwert by Auspragung.
8.5,Indikatorenatlas: Kinderbetreuung - Altersgruppen,Altersgruppen,csv,1482,9,"InsightCard,MetricGrid,BarChart,DataTable",Summarize Indikatorenatlas: Kinderbetreuung - Altersgruppen and compare Indikatorwert by Auspragung.
8.5,Indikatorenatlas: Grundschüler*innen - Staatsangehörigkeit,Staatsangehörigkeit,csv,250,9,"InsightCard,MetricGrid,BarChart,DataTable",Summarize Indikatorenatlas: Grundschüler*innen - Staatsangehörigkeit and compare Indikatorwert by Indikator.
8.5,Indikatorenatlas: Grundschüler*innen - Grundschüler*innen,Grundschüler*innen,csv,468,9,"InsightCard,MetricGrid,BarChart,DataTable",Summarize Indikatorenatlas: Grundschüler*innen - Grundschüler*innen and compare Indikatorwert by Indikator.
8.5,Indikatorenatlas: Grundschüler*innen - Familiensprache - nichtdeutsch,Familiensprache - nichtdeutsch,csv,468,9,"InsightCard,MetricGrid,BarChart,DataTable",Summarize Indikatorenatlas: Grundschüler*innen - Familiensprache - nichtdeutsch and compare Indikatorwert by Indikator.
8.5,Indikatorenatlas: Gesundheit - Zahnärzt*Zahnärztin-Dichte,Zahnärzt*Zahnärztin-Dichte,csv,286,9,"InsightCard,MetricGrid,BarChart,DataTable",Summarize Indikatorenatlas: Gesundheit - Zahnärzt*Zahnärztin-Dichte and compare Indikatorwert by Indikator.
8.5,Indikatorenatlas: Gesundheit - Psychologische*r Psychotherapeut*in-Dichte,Psychologische*r Psychotherapeut*in-Dichte,csv,858,9,"InsightCard,MetricGrid,BarChart,DataTable",Summarize Indikatorenatlas: Gesundheit - Psychologische*r Psychotherapeut*in-Dichte and compare Indikatorwert by Auspragung.
8.5,Indikatorenatlas: Gesundheit - Arzt*Ärztin-Dichte,Arzt*Ärztin-Dichte,csv,2002,9,"InsightCard,MetricGrid,BarChart,DataTable",Summarize Indikatorenatlas: Gesundheit - Arzt*Ärztin-Dichte and compare Indikatorwert by Auspragung.
8.5,Indikatorenatlas: Gesundheit - Apotheken-Dichte,Apotheken-Dichte,csv,286,9,"InsightCard,MetricGrid,BarChart,DataTable",Summarize Indikatorenatlas: Gesundheit - Apotheken-Dichte and compare Indikatorwert by Indikator.
8.5,Indikatorenatlas: Flächen - Flächennutzung,Flächennutzung,csv,1170,9,"InsightCard,MetricGrid,BarChart,DataTable",Summarize Indikatorenatlas: Flächen - Flächennutzung and compare Indikatorwert by Auspragung.
8.5,Indikatorenatlas: Baugenehmigungen,Baugenehmigungen,csv,1872,9,"InsightCard,MetricGrid,BarChart,DataTable",Summarize Indikatorenatlas: Baugenehmigungen and compare Indikatorwert by Auspragung.
8.5,Indikatorenatlas: Baufertigstellungen,Baufertigstellungen,csv,,9,"InsightCard,MetricGrid,BarChart,DataTable",Summarize Indikatorenatlas: Baufertigstellungen and compare Basiswert 1 by Ausprägung.
8.5,Indikatorenatlas: Arbeitsmarkt - Sozialversicherungspflichtig Beschäftigte - Anteil,Sozialversicherungspflichtig Beschäftigte - Anteil,csv,3250,9,"InsightCard,MetricGrid,BarChart,DataTable",Summarize Indikatorenatlas: Arbeitsmarkt - Sozialversicherungspflichtig Beschäftigte - Anteil and compare Indikatorwert by Auspragung.
8.5,Indikatorenatlas: Arbeitsmarkt - Sozialversicherungspflichtig Beschäftigte,Sozialversicherungspflichtig Beschäftigte,csv,2750,9,"InsightCard,MetricGrid,BarChart,DataTable",Summarize Indikatorenatlas: Arbeitsmarkt - Sozialversicherungspflichtig Beschäftigte and compare Indikatorwert by Auspragung.
8.5,Indikatorenatlas: Arbeitsmarkt - Erwerbsfähige,Erwerbsfähige,csv,3250,9,"InsightCard,MetricGrid,BarChart,DataTable",Summarize Indikatorenatlas: Arbeitsmarkt - Erwerbsfähige and compare Indikatorwert by Auspragung.
8.5,Indikatorenatlas: Arbeitsmarkt - Arbeitslosen - Anteil,Arbeitslose - Anteil,csv,3250,9,"InsightCard,MetricGrid,BarChart,DataTable",Summarize Indikatorenatlas: Arbeitsmarkt - Arbeitslosen - Anteil and compare Indikatorwert by Auspragung.
8.5,Indikatorenatlas: Arbeitsmarkt - Arbeitslose,Arbeitslose,csv,4550,9,"InsightCard,MetricGrid,BarChart,DataTable",Summarize Indikatorenatlas: Arbeitsmarkt - Arbeitslose and compare Indikatorwert by Auspragung.
8.5,Indikatorenatlas: Arbeitsmarkt - (Regel-)Leistungsberechtigte erwerbsfähig,(Regel-)Leistungsberechtigte - erwerbsfähig,csv,1976,9,"InsightCard,MetricGrid,BarChart,DataTable",Summarize Indikatorenatlas: Arbeitsmarkt - (Regel-)Leistungsberechtigte erwerbsfähig and compare Indikatorwert by Auspragung.
8.5,Indikatorenatlas: Arbeitsmarkt - (Regel-)Leistungsberechtigte - nicht erwerbsfähig - Anteil,(Regel-)Leistungsberechtigte - nicht erwerbsfähig - Anteil,csv,494,9,"InsightCard,MetricGrid,BarChart,DataTable",Summarize Indikatorenatlas: Arbeitsmarkt - (Regel-)Leistungsberechtigte - nicht erwerbsfähig - Anteil and compare Indikatorwert by Indikator.
8.5,Indikatorenatlas: Arbeitsmarkt - (Regel-)Leistungsberechtigte - erwerbsfähig - Anteil,(Regel-)Leistungsberechtigte - erwerbsfähig - Anteil ,csv,2470,9,"InsightCard,MetricGrid,BarChart,DataTable",Summarize Indikatorenatlas: Arbeitsmarkt - (Regel-)Leistungsberechtigte - erwerbsfähig - Anteil and compare Indikatorwert by Auspragung.
8.5,Indikatorenatlas: Bevölkerung - Altersgruppen,Altersgruppen,csv,6760,9,"InsightCard,MetricGrid,BarChart,DataTable",Summarize Indikatorenatlas: Bevölkerung - Altersgruppen and compare Indikatorwert by Auspragung.
8.5,Indikatorenatlas: Bevölkerung - Außenwanderungsvolumen,Außenwanderungsvolumen,csv,676,11,"InsightCard,MetricGrid,BarChart,DataTable",Summarize Indikatorenatlas: Bevölkerung - Außenwanderungsvolumen and compare Indikatorwert by Indikator.
8.5,Indikatorenatlas: Bevölkerung - Außenwanderungsziffer 65 Jahre und älter,Außenwanderungsziffer 65 Jahre und älter,csv,4056,11,"InsightCard,MetricGrid,BarChart,DataTable",Summarize Indikatorenatlas: Bevölkerung - Außenwanderungsziffer 65 Jahre und älter and compare Indikatorwert by Auspragung.
8.5,Indikatorenatlas: Bevölkerung - Außenwanderungsziffer Gesamt,Außenwanderungsziffer Gesamt,csv,4056,11,"InsightCard,MetricGrid,BarChart,DataTable",Summarize Indikatorenatlas: Bevölkerung - Außenwanderungsziffer Gesamt and compare Indikatorwert by Auspragung.
8.5,Indikatorenatlas: Bevölkerung - Außenwanderungsziffer Kinder bis 13 Jahre,Außenwanderungsziffer Kinder unter 14 Jahre,csv,4056,11,"InsightCard,MetricGrid,BarChart,DataTable",Summarize Indikatorenatlas: Bevölkerung - Außenwanderungsziffer Kinder bis 13 Jahre and compare Indikatorwert by Auspragung.
8.5,Indikatorenatlas: Bevölkerung - Außenwanderungsziffer Nichtdeutsche,Außenwanderungsziffer Nichtdeutsche,csv,4056,11,"InsightCard,MetricGrid,BarChart,DataTable",Summarize Indikatorenatlas: Bevölkerung - Außenwanderungsziffer Nichtdeutsche and compare Indikatorwert by Auspragung.
8.5,Indikatorenatlas: Bevölkerung - Bevölkerungsanteil,Bevolkerungsanteil,csv,676,9,"InsightCard,MetricGrid,BarChart,DataTable",Summarize Indikatorenatlas: Bevölkerung - Bevölkerungsanteil and compare Indikatorwert by Indikator.
8.5,Indikatorenatlas: Bevölkerung - Bevölkerungsdichte,Bevölkerungsdichte,csv,624,9,"InsightCard,MetricGrid,BarChart,DataTable",Summarize Indikatorenatlas: Bevölkerung - Bevölkerungsdichte and compare Indikatorwert by Indikator.
8.5,Indikatorenatlas: Bevölkerung - Binnenwanderungsziffer,Binnenwanderungsziffer,csv,2028,11,"InsightCard,MetricGrid,BarChart,DataTable",Summarize Indikatorenatlas: Bevölkerung - Binnenwanderungsziffer and compare Indikatorwert by Auspragung.
8.5,Indikatorenatlas: Bevölkerung - Durchschnittsalter,Altersdurchschnitt,csv,2028,9,"InsightCard,MetricGrid,BarChart,DataTable",Summarize Indikatorenatlas: Bevölkerung - Durchschnittsalter and compare Indikatorwert by Auspragung.
8.5,Indikatorenatlas: Bevölkerung - Durchschnittsalter Gestorbene,Durchschnittsalter Gestorbene,csv,4056,9,"InsightCard,MetricGrid,BarChart,DataTable",Summarize Indikatorenatlas: Bevölkerung - Durchschnittsalter Gestorbene and compare Indikatorwert by Auspragung.
8.5,Indikatorenatlas: Bevölkerung - Durchschnittsalter Mütter,Durchschnittsalter Mütter,csv,2028,9,"InsightCard,MetricGrid,BarChart,DataTable",Summarize Indikatorenatlas: Bevölkerung - Durchschnittsalter Mütter and compare Indikatorwert by Auspragung.
8.5,Indikatorenatlas: Bevölkerung - Durchschnittsalter Mütter erstgebärend,Durchschnittsalter Mütter erstgebärend,csv,858,9,"InsightCard,MetricGrid,BarChart,DataTable",Summarize Indikatorenatlas: Bevölkerung - Durchschnittsalter Mütter erstgebärend and compare Indikatorwert by Auspragung.
8.5,Indikatorenatlas: Bevölkerung - Eingebürgerte,Eingebürgerte,csv,1482,9,"InsightCard,MetricGrid,BarChart,DataTable",Summarize Indikatorenatlas: Bevölkerung - Eingebürgerte and compare Indikatorwert by Auspragung.
8.5,Indikatorenatlas: Bevölkerung - Einpersonenhaushalte,Einpersonenhaushalte,csv,3276,9,"InsightCard,MetricGrid,BarChart,DataTable",Summarize Indikatorenatlas: Bevölkerung - Einpersonenhaushalte and compare Indikatorwert by Auspragung.
8.5,Indikatorenatlas: Bevölkerung - Frauen,Frauenanteil,csv,2028,9,"InsightCard,MetricGrid,BarChart,DataTable",Summarize Indikatorenatlas: Bevölkerung - Frauen and compare Indikatorwert by Auspragung.
8.5,Indikatorenatlas: Bevölkerung - Frauen Hochbetagte,Frauen Hochbetagte,csv,2028,9,"InsightCard,MetricGrid,BarChart,DataTable",Summarize Indikatorenatlas: Bevölkerung - Frauen Hochbetagte and compare Indikatorwert by Auspragung.
8.5,Indikatorenatlas: Bevölkerung - Gesamtwanderungssaldo Kinder,Gesamtwanderungssaldo Kinder,csv,,9,"InsightCard,MetricGrid,BarChart,DataTable",Summarize Indikatorenatlas: Bevölkerung - Gesamtwanderungssaldo Kinder and compare Basiswert 1 by Ausprägung.
8.5,Indikatorenatlas: Bevölkerung - Außenwanderungsziffer Deutsche,Außenwanderungsziffer Deutsche,csv,4056,11,"InsightCard,MetricGrid,BarChart,DataTable",Summarize Indikatorenatlas: Bevölkerung - Außenwanderungsziffer Deutsche and compare Indikatorwert by Auspragung.
8.5,Indikatorenatlas: Bevölkerung - Altenquotient,Altenquotient,csv,2028,9,"InsightCard,MetricGrid,BarChart,DataTable",Summarize Indikatorenatlas: Bevölkerung - Altenquotient and compare Indikatorwert by Auspragung.
8.5,Indikatorenatlas: Bevölkerung - Allgemeine Geburtenrate,Allgemeine Geburtenrate,csv,2028,9,"InsightCard,MetricGrid,BarChart,DataTable",Summarize Indikatorenatlas: Bevölkerung - Allgemeine Geburtenrate and compare Indikatorwert by Auspragung.
8.5,Indikatorenatlas: Arbeitsmarkt - (Regel-)Leistungsberechtigte,(Regel-)Leistungsberechtigte,csv,988,9,"InsightCard,MetricGrid,BarChart,DataTable",Summarize Indikatorenatlas: Arbeitsmarkt - (Regel-)Leistungsberechtigte and compare Indikatorwert by Auspragung.
8.5,Indikatorenatlas: Bevölkerung - Gesamtwanderungsziffer,Gesamtwanderungsziffer,csv,2028,11,"InsightCard,MetricGrid,BarChart,DataTable",Summarize Indikatorenatlas: Bevölkerung - Gesamtwanderungsziffer and compare Indikatorwert by Auspragung.
8.5,Indikatorenatlas: Bevölkerung - Haushalte Alleinerziehend,Haushalte Alleinerziehend,csv,1456,9,"InsightCard,MetricGrid,BarChart,DataTable",Summarize Indikatorenatlas: Bevölkerung - Haushalte Alleinerziehend and compare Indikatorwert by Auspragung.
8.5,Indikatorenatlas: Bevölkerung - Haushalte Staatsangehörigkeit,Haushalte Staatsangehörigkeit,csv,1092,9,"InsightCard,MetricGrid,BarChart,DataTable",Summarize Indikatorenatlas: Bevölkerung - Haushalte Staatsangehörigkeit and compare Indikatorwert by Auspragung.
8.5,Indikatorenatlas: Bevölkerung - Haushalte mit Kindern,Haushalte mit Kindern,csv,1456,9,"InsightCard,MetricGrid,BarChart,DataTable",Summarize Indikatorenatlas: Bevölkerung - Haushalte mit Kindern and compare Indikatorwert by Auspragung.
8.5,Indikatorenatlas: Bevölkerung - Hochbetagte,Hochbetagte,csv,2028,9,"InsightCard,MetricGrid,BarChart,DataTable",Summarize Indikatorenatlas: Bevölkerung - Hochbetagte and compare Indikatorwert by Auspragung.
8.5,Indikatorenatlas: Bevölkerung - Innerräumliche Umzugsziffer,Innerräumliche Umzugsziffer,csv,2028,9,"InsightCard,MetricGrid,BarChart,DataTable",Summarize Indikatorenatlas: Bevölkerung - Innerräumliche Umzugsziffer and compare Indikatorwert by Auspragung.
8.5,Indikatorenatlas: Bevölkerung - Jugendquotient,Jugendquotient,csv,2028,9,"InsightCard,MetricGrid,BarChart,DataTable",Summarize Indikatorenatlas: Bevölkerung - Jugendquotient and compare Indikatorwert by Auspragung.
8.5,Indikatorenatlas: Bevölkerung - Migrationshintergrund,Migrationshintergrund,csv,5928,9,"InsightCard,MetricGrid,BarChart,DataTable",Summarize Indikatorenatlas: Bevölkerung - Migrationshintergrund and compare Indikatorwert by Auspragung.
8.5,Indikatorenatlas: Bevölkerung - Migrationshintergrund - Kinder,Migrationshintergrund - Kinder,csv,4940,9,"InsightCard,MetricGrid,BarChart,DataTable",Summarize Indikatorenatlas: Bevölkerung - Migrationshintergrund - Kinder and compare Indikatorwert by Auspragung.
8.5,Indikatorenatlas: Bevölkerung - Mobilitätsziffer,Mobilitätsziffer,csv,2028,12,"InsightCard,MetricGrid,BarChart,DataTable",Summarize Indikatorenatlas: Bevölkerung - Mobilitätsziffer and compare Indikatorwert by Auspragung.
8.5,Indikatorenatlas: Bevölkerung - Mütter ab 35 Jahre,Mütter ab 35 Jahre,csv,2028,9,"InsightCard,MetricGrid,BarChart,DataTable",Summarize Indikatorenatlas: Bevölkerung - Mütter ab 35 Jahre and compare Indikatorwert by Auspragung.
8.5,Indikatorenatlas: Bevölkerung - Natürlicher Saldo,Natürlicher Saldo ,csv,2028,9,"InsightCard,MetricGrid,BarChart,DataTable",Summarize Indikatorenatlas: Bevölkerung - Natürlicher Saldo and compare Indikatorwert by Auspragung.
8.5,Indikatorenatlas: Bevölkerung - Nichtdeutsche,Nichtdeutsche,csv,676,9,"InsightCard,MetricGrid,BarChart,DataTable",Summarize Indikatorenatlas: Bevölkerung - Nichtdeutsche and compare Indikatorwert by Indikator.
8.5,Indikatorenatlas: Bevölkerung - Optionskinder,Optionskinder,csv,1482,9,"InsightCard,MetricGrid,BarChart,DataTable",Summarize Indikatorenatlas: Bevölkerung - Optionskinder and compare Indikatorwert by Auspragung.
8.5,Indikatorenatlas: Bevölkerung - Religionszugehörigkeit,Religionszugehörigkeit,csv,2028,9,"InsightCard,MetricGrid,BarChart,DataTable",Summarize Indikatorenatlas: Bevölkerung - Religionszugehörigkeit and compare Indikatorwert by Auspragung.
8.5,Indikatorenatlas: Bevölkerung - Rohe Geburtenrate,Rohe Geburtenrate,csv,2028,9,"InsightCard,MetricGrid,BarChart,DataTable",Summarize Indikatorenatlas: Bevölkerung - Rohe Geburtenrate and compare Indikatorwert by Auspragung.
8.5,Indikatorenatlas: Bevölkerung - Rohe Sterberate,Rohe Sterberate,csv,2028,9,"InsightCard,MetricGrid,BarChart,DataTable",Summarize Indikatorenatlas: Bevölkerung - Rohe Sterberate and compare Indikatorwert by Auspragung.
8.5,Indikatorenatlas: Bevölkerung - Wohndauer Adresse,Wohndauer Adresse,csv,2028,9,"InsightCard,MetricGrid,BarChart,DataTable",Summarize Indikatorenatlas: Bevölkerung - Wohndauer Adresse and compare Indikatorwert by Auspragung.
8.5,Indikatorenatlas: Bevölkerung - Wohndauer München,Wohndauer München,csv,2028,9,"InsightCard,MetricGrid,BarChart,DataTable",Summarize Indikatorenatlas: Bevölkerung - Wohndauer München and compare Indikatorwert by Auspragung.
8.5,Indikatorenatlas: Bevölkerung - Zusammengefasste Geburtenrate,Zusammengefasste Geburtenrate,csv,2028,5,"InsightCard,MetricGrid,BarChart,DataTable",Summarize Indikatorenatlas: Bevölkerung - Zusammengefasste Geburtenrate and compare Indikatorwert by Auspragung.
8.5,Indikatorenatlas: Bevölkerung - Überalterungsquotient,Überalterungsquotient,csv,2028,9,"InsightCard,MetricGrid,BarChart,DataTable",Summarize Indikatorenatlas: Bevölkerung - Überalterungsquotient and compare Indikatorwert by Auspragung.
8.5,Monatszahlen Witterung,Monatszahlen Witterung,csv,2346,9,"InsightCard,MetricGrid,BarChart,DataTable",Summarize Monatszahlen Witterung and compare MONAT by MONATSZAHL.
8.5,Monatszahlen Wirtschaft,Monatszahlen Wirtschaft,csv,5996,9,"InsightCard,MetricGrid,BarChart,DataTable",Summarize Monatszahlen Wirtschaft and compare MONAT by AUSPRAEGUNG.
8.5,Monatszahlen Verkehrsunfälle,Monatszahlen Verkehrsunfälle,csv,2450,9,"InsightCard,MetricGrid,BarChart,DataTable",Summarize Monatszahlen Verkehrsunfälle and compare MONAT by MONATSZAHL.
8.5,Monatszahlen Tourismus,Monatszahlen Tourismus,csv,1632,9,"InsightCard,MetricGrid,BarChart,DataTable",Summarize Monatszahlen Tourismus and compare MONAT by MONATSZAHL.
8.5,Monatszahlen Theater,Monatszahlen Theater,csv,6006,9,"InsightCard,MetricGrid,BarChart,DataTable",Summarize Monatszahlen Theater and compare MONAT by AUSPRAEGUNG.
8.5,Monatszahlen Soziale Leistungen,Monatszahlen Soziale Leistungen,csv,3420,9,"InsightCard,MetricGrid,BarChart,DataTable",Summarize Monatszahlen Soziale Leistungen and compare MONAT by AUSPRAEGUNG.
8.5,Monatszahlen Orchester,Monatszahlen Orchester,csv,2048,9,"InsightCard,MetricGrid,BarChart,DataTable",Summarize Monatszahlen Orchester and compare MONAT by MONATSZAHL.
8.5,Monatszahlen Museen,Monatszahlen Museen,csv,3429,9,"InsightCard,MetricGrid,BarChart,DataTable",Summarize Monatszahlen Museen and compare MONAT by AUSPRAEGUNG.
8.5,Monatszahlen Kinos,Monatszahlen Kinos,csv,349,9,"InsightCard,MetricGrid,BarChart,DataTable",Summarize Monatszahlen Kinos and compare MONAT by MONATSZAHL.
8.5,Monatszahlen KFZ-Bestand,Monatszahlen KFZ-Bestand,csv,11568,9,"InsightCard,MetricGrid,BarChart,DataTable",Summarize Monatszahlen KFZ-Bestand and compare MONAT by AUSPRAEGUNG.
8.5,Monatszahlen Freizeit,Monatszahlen Freizeit,csv,2477,9,"InsightCard,MetricGrid,BarChart,DataTable",Summarize Monatszahlen Freizeit and compare MONAT by AUSPRAEGUNG.
8.5,Monatszahlen Flugverkehr,Monatszahlen Flugverkehr,csv,2800,9,"InsightCard,MetricGrid,BarChart,DataTable",Summarize Monatszahlen Flugverkehr and compare MONAT by AUSPRAEGUNG.
8.5,Monatszahlen Feuerwehr München,Monatszahlen Feuerwehr,csv,2996,9,"InsightCard,MetricGrid,BarChart,DataTable",Summarize Monatszahlen Feuerwehr München and compare MONAT by MONATSZAHL.
8.5,Monatszahlen Einbürgerungen,Monatszahlen Einbürgerungen,csv,1180,9,"InsightCard,MetricGrid,BarChart,DataTable",Summarize Monatszahlen Einbürgerungen and compare MONAT by MONATSZAHL.
8.5,Monatszahlen Bevölkerung,Monatszahlen Bevölkerung,csv,27439,9,"InsightCard,MetricGrid,BarChart,DataTable",Summarize Monatszahlen Bevölkerung and compare MONAT by AUSPRAEGUNG.
8.5,Monatszahlen Bauen,Monatszahlen Bauen,csv,1790,9,"InsightCard,MetricGrid,BarChart,DataTable",Summarize Monatszahlen Bauen and compare MONAT by MONATSZAHL.
8.5,Monatszahlen Arbeitsmarkt,Monatszahlen Arbeitsmarkt,csv,3276,9,"InsightCard,MetricGrid,BarChart,DataTable",Summarize Monatszahlen Arbeitsmarkt and compare MONAT by AUSPRAEGUNG.
8.5,Stationsbasierte Carsharing-Parkplätze,WFS (CSV),csv,200,12,"InsightCard,MetricGrid,BarChart,DataTable",Summarize Stationsbasierte Carsharing-Parkplätze and compare objectid by anbietername.
8.5,Allgemeine Carsharing-Parkplätze,WFS (CSV),csv,689,12,"InsightCard,MetricGrid,BarChart,DataTable",Summarize Allgemeine Carsharing-Parkplätze and compare objectid by sonderparken_typ.
8.5,Daten der Raddauerzählstellen München - Jahreszahlen,15 Minuten Werte 2008,csv,82176,8,"InsightCard,MetricGrid,BarChart,DataTable",Summarize Daten der Raddauerzählstellen München - Jahreszahlen and compare richtung_1 by zaehlstelle.
8.5,Daten der Raddauerzählstellen München - Jahreszahlen,Tageswerte Wetter 2008,csv,856,12,"InsightCard,MetricGrid,BarChart,DataTable",Summarize Daten der Raddauerzählstellen München - Jahreszahlen and compare richtung_1 by zaehlstelle.
8.5,Daten der Raddauerzählstellen München - Jahreszahlen,15 Minuten Werte 2009,csv,140160,8,"InsightCard,MetricGrid,BarChart,DataTable",Summarize Daten der Raddauerzählstellen München - Jahreszahlen and compare richtung_1 by zaehlstelle.
8.5,Daten der Raddauerzählstellen München - Jahreszahlen,Tageswerte Wetter 2009,csv,1460,12,"InsightCard,MetricGrid,BarChart,DataTable",Summarize Daten der Raddauerzählstellen München - Jahreszahlen and compare richtung_1 by zaehlstelle.
8.5,Daten der Raddauerzählstellen München - Jahreszahlen,15 Minuten Werte 2010,csv,140160,8,"InsightCard,MetricGrid,BarChart,DataTable",Summarize Daten der Raddauerzählstellen München - Jahreszahlen and compare richtung_1 by zaehlstelle.
8.5,Daten der Raddauerzählstellen München - Jahreszahlen,Tageswerte Wetter 2010,csv,1460,12,"InsightCard,MetricGrid,BarChart,DataTable",Summarize Daten der Raddauerzählstellen München - Jahreszahlen and compare richtung_1 by zaehlstelle.
8.5,Daten der Raddauerzählstellen München - Jahreszahlen,15 Minuten Werte 2011,csv,175488,8,"InsightCard,MetricGrid,BarChart,DataTable",Summarize Daten der Raddauerzählstellen München - Jahreszahlen and compare richtung_1 by zaehlstelle.
8.5,Daten der Raddauerzählstellen München - Jahreszahlen,Tageswerte Wetter 2011,csv,1828,12,"InsightCard,MetricGrid,BarChart,DataTable",Summarize Daten der Raddauerzählstellen München - Jahreszahlen and compare richtung_1 by zaehlstelle.
8.5,Daten der Raddauerzählstellen München - Jahreszahlen,15 Minuten Werte 2012,csv,210816,8,"InsightCard,MetricGrid,BarChart,DataTable",Summarize Daten der Raddauerzählstellen München - Jahreszahlen and compare richtung_1 by zaehlstelle.
8.5,Daten der Raddauerzählstellen München - Jahreszahlen,Tageswerte Wetter 2012,csv,2196,12,"InsightCard,MetricGrid,BarChart,DataTable",Summarize Daten der Raddauerzählstellen München - Jahreszahlen and compare richtung_1 by zaehlstelle.
8.5,Daten der Raddauerzählstellen München - Jahreszahlen,15 Minuten Werte 2013,csv,210240,8,"InsightCard,MetricGrid,BarChart,DataTable",Summarize Daten der Raddauerzählstellen München - Jahreszahlen and compare richtung_1 by zaehlstelle.
8.5,Daten der Raddauerzählstellen München - Jahreszahlen,Tageswerte Wetter 2013,csv,2190,12,"InsightCard,MetricGrid,BarChart,DataTable",Summarize Daten der Raddauerzählstellen München - Jahreszahlen and compare richtung_1 by zaehlstelle.
8.5,Daten der Raddauerzählstellen München - Jahreszahlen,15 Minuten Werte 2014,csv,210240,8,"InsightCard,MetricGrid,BarChart,DataTable",Summarize Daten der Raddauerzählstellen München - Jahreszahlen and compare richtung_1 by zaehlstelle.
8.5,Daten der Raddauerzählstellen München - Jahreszahlen,Tageswerte Wetter 2014,csv,2190,12,"InsightCard,MetricGrid,BarChart,DataTable",Summarize Daten der Raddauerzählstellen München - Jahreszahlen and compare richtung_1 by zaehlstelle.
8.5,Daten der Raddauerzählstellen München - Jahreszahlen,15 Minuten Werte 2015,csv,210240,8,"InsightCard,MetricGrid,BarChart,DataTable",Summarize Daten der Raddauerzählstellen München - Jahreszahlen and compare richtung_1 by zaehlstelle.
8.5,Daten der Raddauerzählstellen München - Jahreszahlen,Tageswerte Wetter 2015,csv,2190,12,"InsightCard,MetricGrid,BarChart,DataTable",Summarize Daten der Raddauerzählstellen München - Jahreszahlen and compare richtung_1 by zaehlstelle.
8.5,Daten der Raddauerzählstellen München - Jahreszahlen,15 Minuten Werte 2016,csv,210816,8,"InsightCard,MetricGrid,BarChart,DataTable",Summarize Daten der Raddauerzählstellen München - Jahreszahlen and compare richtung_1 by zaehlstelle.
8.5,Daten der Raddauerzählstellen München - Jahreszahlen,Tageswerte Wetter 2016,csv,2196,12,"InsightCard,MetricGrid,BarChart,DataTable",Summarize Daten der Raddauerzählstellen München - Jahreszahlen and compare richtung_1 by zaehlstelle.
8.5,Daten der Raddauerzählstellen München - Jahreszahlen,15 Minuten Werte 2017,csv,210240,8,"InsightCard,MetricGrid,BarChart,DataTable",Summarize Daten der Raddauerzählstellen München - Jahreszahlen and compare richtung_1 by zaehlstelle.
8.5,Daten der Raddauerzählstellen München - Jahreszahlen,Tageswerte Wetter 2017,csv,2190,12,"InsightCard,MetricGrid,BarChart,DataTable",Summarize Daten der Raddauerzählstellen München - Jahreszahlen and compare richtung_1 by zaehlstelle.
8.5,Daten der Raddauerzählstellen München - Jahreszahlen,15 Minuten Werte 2018,csv,210232,8,"InsightCard,MetricGrid,BarChart,DataTable",Summarize Daten der Raddauerzählstellen München - Jahreszahlen and compare richtung_1 by zaehlstelle.
8.5,Daten der Raddauerzählstellen München - Jahreszahlen,Tageswerte Wetter 2018,csv,2190,12,"InsightCard,MetricGrid,BarChart,DataTable",Summarize Daten der Raddauerzählstellen München - Jahreszahlen and compare richtung_1 by zaehlstelle.
8.5,Daten der Raddauerzählstellen München - Jahreszahlen,15 Minuten Werte 2019,csv,74750,8,"InsightCard,MetricGrid,BarChart,DataTable",Summarize Daten der Raddauerzählstellen München - Jahreszahlen and compare richtung_1 by zaehlstelle.
8.5,Daten der Raddauerzählstellen München - Jahreszahlen,Tageswerte Wetter 2019,csv,2159,12,"InsightCard,MetricGrid,BarChart,DataTable",Summarize Daten der Raddauerzählstellen München - Jahreszahlen and compare richtung_1 by zaehlstelle.
8.5,Daten der Raddauerzählstellen München - Jahreszahlen,15 Minuten Werte 2020,csv,210816,8,"InsightCard,MetricGrid,BarChart,DataTable",Summarize Daten der Raddauerzählstellen München - Jahreszahlen and compare richtung_1 by zaehlstelle.
8.5,Daten der Raddauerzählstellen München - Jahreszahlen,Tageswerte Wetter 2020,csv,2196,12,"InsightCard,MetricGrid,BarChart,DataTable",Summarize Daten der Raddauerzählstellen München - Jahreszahlen and compare richtung_1 by zaehlstelle.
8.5,Daten der Raddauerzählstellen München - Jahreszahlen,Tageswerte Wetter 2021,csv,2190,12,"InsightCard,MetricGrid,BarChart,DataTable",Summarize Daten der Raddauerzählstellen München - Jahreszahlen and compare richtung_1 by zaehlstelle.
8.5,Daten der Raddauerzählstellen München - Jahreszahlen,15 Minuten Werte 2022,csv,210240,9,"InsightCard,MetricGrid,BarChart,DataTable",Summarize Daten der Raddauerzählstellen München - Jahreszahlen and compare richtung_1 by zaehlstelle.
8.5,Daten der Raddauerzählstellen München - Jahreszahlen,Tageswerte Wetter 2022,csv,2190,12,"InsightCard,MetricGrid,BarChart,DataTable",Summarize Daten der Raddauerzählstellen München - Jahreszahlen and compare richtung_1 by zaehlstelle.
8.5,Daten der Raddauerzählstellen München - Jahreszahlen,15 Minuten Werte 2023,csv,192576,8,"InsightCard,MetricGrid,BarChart,DataTable",Summarize Daten der Raddauerzählstellen München - Jahreszahlen and compare richtung_1 by zaehlstelle.
8.5,Daten der Raddauerzählstellen München - Jahreszahlen,Tageswerte Wetter 2023,csv,2006,12,"InsightCard,MetricGrid,BarChart,DataTable",Summarize Daten der Raddauerzählstellen München - Jahreszahlen and compare richtung_1 by kommentar.
8.5,Daten der Raddauerzählstellen München - Jahreszahlen,15 Minuten Werte 2024,csv,132672,8,"InsightCard,MetricGrid,BarChart,DataTable",Summarize Daten der Raddauerzählstellen München - Jahreszahlen and compare richtung_1 by zaehlstelle.
8.5,Daten der Raddauerzählstellen München - Jahreszahlen,Tageswerte Wetter 2024,csv,1382,12,"InsightCard,MetricGrid,BarChart,DataTable",Summarize Daten der Raddauerzählstellen München - Jahreszahlen and compare richtung_1 by zaehlstelle.
8.5,Daten der Raddauerzählstellen München - Jahreszahlen,15 Minuten Werte 2025,csv,148992,7,"InsightCard,MetricGrid,BarChart,DataTable",Summarize Daten der Raddauerzählstellen München - Jahreszahlen and compare richtung_1 by zaehlstelle.
8.5,Daten der Raddauerzählstellen München - Jahreszahlen,Tageswerte Wetter 2025,csv,1552,12,"InsightCard,MetricGrid,BarChart,DataTable",Summarize Daten der Raddauerzählstellen München - Jahreszahlen and compare richtung_1 by zaehlstelle.
8.5,Monatszahlen Gewerbe,Monatszahlen Gewerbe,csv,424,9,"InsightCard,MetricGrid,BarChart,DataTable",Summarize Monatszahlen Gewerbe and compare MONAT by AUSPRAEGUNG.
8.5,Monatszahlen KFZ-Erstzulassungen,Monatszahlen KFZ-Erstzulassungen,csv,11072,9,"InsightCard,MetricGrid,BarChart,DataTable",Summarize Monatszahlen KFZ-Erstzulassungen and compare MONAT by AUSPRAEGUNG.
8.5,Daten der Raddauerzählstellen München 2025,15 Minuten-Werte - Januar 2025 - Daten der Raddauerzählstellen,csv,11904,7,"InsightCard,MetricGrid,BarChart,DataTable",Summarize Daten der Raddauerzählstellen München 2025 and compare richtung_1 by zaehlstelle.
8.5,Daten der Raddauerzählstellen München 2025,Tageswerte und Wetter - Januar 2025 - Daten der Raddauerzählstellen München,csv,124,12,"InsightCard,MetricGrid,BarChart,DataTable",Summarize Daten der Raddauerzählstellen München 2025 and compare richtung_1 by zaehlstelle.
8.5,Daten der Raddauerzählstellen München 2025,15 Minuten-Werte - Februar 2025 - Daten der Raddauerzählstellen München,csv,10752,7,"InsightCard,MetricGrid,BarChart,DataTable",Summarize Daten der Raddauerzählstellen München 2025 and compare richtung_1 by zaehlstelle.
8.5,Daten der Raddauerzählstellen München 2025,Tageswerte und Wetter - Februar 2025 - Daten der Raddauerzählstellen München,csv,112,12,"InsightCard,MetricGrid,BarChart,DataTable",Summarize Daten der Raddauerzählstellen München 2025 and compare richtung_1 by zaehlstelle.
8.5,Daten der Raddauerzählstellen München 2025,15 Minuten-Werte - März 2025 - Daten der Raddauerzählstellen,csv,11904,7,"InsightCard,MetricGrid,BarChart,DataTable",Summarize Daten der Raddauerzählstellen München 2025 and compare richtung_1 by zaehlstelle.
8.5,Daten der Raddauerzählstellen München 2025,Tageswerte und Wetter - März 2025 - Daten der Raddauerzählstellen München,csv,124,12,"InsightCard,MetricGrid,BarChart,DataTable",Summarize Daten der Raddauerzählstellen München 2025 and compare richtung_1 by zaehlstelle.
8.5,Daten der Raddauerzählstellen München 2025,15 Minuten-Werte - April 2025 - Daten der Raddauerzählstellen,csv,11520,7,"InsightCard,MetricGrid,BarChart,DataTable",Summarize Daten der Raddauerzählstellen München 2025 and compare richtung_1 by zaehlstelle.
8.5,Daten der Raddauerzählstellen München 2025,Tageswerte und Wetter - April 2025 - Daten der Raddauerzählstellen München,csv,120,12,"InsightCard,MetricGrid,BarChart,DataTable",Summarize Daten der Raddauerzählstellen München 2025 and compare richtung_1 by zaehlstelle.
8.5,Daten der Raddauerzählstellen München 2025,15 Minuten-Werte - Mai 2025 - Daten der Raddauerzählstellen,csv,11904,7,"InsightCard,MetricGrid,BarChart,DataTable",Summarize Daten der Raddauerzählstellen München 2025 and compare richtung_1 by zaehlstelle.
8.5,Daten der Raddauerzählstellen München 2025,Tageswerte und Wetter - Mai 2025 - Daten der Raddauerzählstellen München,csv,124,12,"InsightCard,MetricGrid,BarChart,DataTable",Summarize Daten der Raddauerzählstellen München 2025 and compare richtung_1 by zaehlstelle.
8.5,Daten der Raddauerzählstellen München 2025,15 Minuten-Werte - Juni 2025 - Daten der Raddauerzählstellen,csv,11520,7,"InsightCard,MetricGrid,BarChart,DataTable",Summarize Daten der Raddauerzählstellen München 2025 and compare richtung_1 by zaehlstelle.
8.5,Daten der Raddauerzählstellen München 2025,Tageswerte und Wetter - Juni 2025 - Daten der Raddauerzählstellen München,csv,120,12,"InsightCard,MetricGrid,BarChart,DataTable",Summarize Daten der Raddauerzählstellen München 2025 and compare richtung_1 by zaehlstelle.
8.5,Daten der Raddauerzählstellen München 2025,15 Minuten-Werte - Juli 2025 - Daten der Raddauerzählstellen,csv,11904,7,"InsightCard,MetricGrid,BarChart,DataTable",Summarize Daten der Raddauerzählstellen München 2025 and compare richtung_1 by zaehlstelle.
8.5,Daten der Raddauerzählstellen München 2025,Tageswerte und Wetter - Juli 2025 - Daten der Raddauerzählstellen München,csv,124,12,"InsightCard,MetricGrid,BarChart,DataTable",Summarize Daten der Raddauerzählstellen München 2025 and compare richtung_1 by zaehlstelle.
8.5,Daten der Raddauerzählstellen München 2025,15 Minuten-Werte - August 2025 - Daten der Raddauerzählstellen,csv,11905,7,"InsightCard,MetricGrid,BarChart,DataTable",Summarize Daten der Raddauerzählstellen München 2025 and compare richtung_1 by zaehlstelle.
8.5,Daten der Raddauerzählstellen München 2025,Tageswerte und Wetter - August 2025 - Daten der Raddauerzählstellen München,csv,124,12,"InsightCard,MetricGrid,BarChart,DataTable",Summarize Daten der Raddauerzählstellen München 2025 and compare richtung_1 by zaehlstelle.
8.5,Daten der Raddauerzählstellen München 2025,Tageswerte und Wetter - September 2025 - Daten der Raddauerzählstellen München,csv,120,12,"InsightCard,MetricGrid,BarChart,DataTable",Summarize Daten der Raddauerzählstellen München 2025 and compare richtung_1 by zaehlstelle.
8.5,Daten der Raddauerzählstellen München 2025,15 Minuten-Werte - September 2025 - Daten der Raddauerzählstellen,csv,11520,7,"InsightCard,MetricGrid,BarChart,DataTable",Summarize Daten der Raddauerzählstellen München 2025 and compare richtung_1 by zaehlstelle.
8.5,Daten der Raddauerzählstellen München 2025,Tageswerte und Wetter - Oktober 2025 - Daten der Raddauerzählstellen München,csv,155,12,"InsightCard,MetricGrid,BarChart,DataTable",Summarize Daten der Raddauerzählstellen München 2025 and compare richtung_1 by zaehlstelle.
8.5,Daten der Raddauerzählstellen München 2025,15 Minuten-Werte - Oktober 2025 - Daten der Raddauerzählstellen,csv,14880,7,"InsightCard,MetricGrid,BarChart,DataTable",Summarize Daten der Raddauerzählstellen München 2025 and compare richtung_1 by zaehlstelle.
8.5,Daten der Raddauerzählstellen München 2025,Tageswerte und Wetter - November 2025 - Daten der Raddauerzählstellen München,csv,150,12,"InsightCard,MetricGrid,BarChart,DataTable",Summarize Daten der Raddauerzählstellen München 2025 and compare richtung_1 by zaehlstelle.
8.5,Daten der Raddauerzählstellen München 2025,15 Minuten-Werte - November 2025 - Daten der Raddauerzählstellen,csv,14400,7,"InsightCard,MetricGrid,BarChart,DataTable",Summarize Daten der Raddauerzählstellen München 2025 and compare richtung_1 by zaehlstelle.
8.5,Daten der Raddauerzählstellen München 2025,Tageswerte und Wetter - Dezember 2025 - Daten der Raddauerzählstellen München,csv,155,12,"InsightCard,MetricGrid,BarChart,DataTable",Summarize Daten der Raddauerzählstellen München 2025 and compare richtung_1 by zaehlstelle.
8.5,Daten der Raddauerzählstellen München 2025,15 Minuten-Werte - Dezember 2025 - Daten der Raddauerzählstellen,csv,14880,7,"InsightCard,MetricGrid,BarChart,DataTable",Summarize Daten der Raddauerzählstellen München 2025 and compare richtung_1 by zaehlstelle.
8.5,Daten der Raddauerzählstellen München 2023,15 Minuten-Werte - Januar 2023 - Daten der Raddauerzählstellen München,csv,17856,7,"InsightCard,MetricGrid,BarChart,DataTable",Summarize Daten der Raddauerzählstellen München 2023 and compare richtung_1 by zaehlstelle.
8.5,Daten der Raddauerzählstellen München 2023,15 Minuten-Werte - Februar 2023 - Daten der Raddauerzählstellen München,csv,16128,7,"InsightCard,MetricGrid,BarChart,DataTable",Summarize Daten der Raddauerzählstellen München 2023 and compare richtung_1 by zaehlstelle.
8.5,Daten der Raddauerzählstellen München 2023,15 Minuten-Werte - März 2023 - Daten der Raddauerzählstellen München,csv,17856,7,"InsightCard,MetricGrid,BarChart,DataTable",Summarize Daten der Raddauerzählstellen München 2023 and compare richtung_1 by zaehlstelle.
8.5,Daten der Raddauerzählstellen München 2023,15 Minuten-Werte - April 2023 - Daten der Raddauerzählstellen München,csv,17280,7,"InsightCard,MetricGrid,BarChart,DataTable",Summarize Daten der Raddauerzählstellen München 2023 and compare richtung_1 by zaehlstelle.
8.5,Daten der Raddauerzählstellen München 2023,15 Minuten-Werte - Mai 2023 - Daten der Raddauerzählstellen München,csv,17856,7,"InsightCard,MetricGrid,BarChart,DataTable",Summarize Daten der Raddauerzählstellen München 2023 and compare richtung_1 by zaehlstelle.
8.5,Daten der Raddauerzählstellen München 2023,15 Minuten-Werte - Juni 2023 - Daten der Raddauerzählstellen München,csv,17280,7,"InsightCard,MetricGrid,BarChart,DataTable",Summarize Daten der Raddauerzählstellen München 2023 and compare richtung_1 by zaehlstelle.
8.5,Daten der Raddauerzählstellen München 2023,15 Minuten-Werte - Juli 2023 - Daten der Raddauerzählstellen München,csv,14880,7,"InsightCard,MetricGrid,BarChart,DataTable",Summarize Daten der Raddauerzählstellen München 2023 and compare richtung_1 by zaehlstelle.
8.5,Daten der Raddauerzählstellen München 2023,Tageswerte und Wetter - Juli 2023 - Daten der Raddauerzählstellen München,csv,155,12,"InsightCard,MetricGrid,BarChart,DataTable",Summarize Daten der Raddauerzählstellen München 2023 and compare richtung_1 by zaehlstelle.
8.5,Daten der Raddauerzählstellen München 2023,15 Minuten-Werte - August 2023 - Daten der Raddauerzählstellen München,csv,14880,7,"InsightCard,MetricGrid,BarChart,DataTable",Summarize Daten der Raddauerzählstellen München 2023 and compare richtung_1 by zaehlstelle.
8.5,Daten der Raddauerzählstellen München 2023,Tageswerte und Wetter - August 2023 - Daten der Raddauerzählstellen München,csv,155,12,"InsightCard,MetricGrid,BarChart,DataTable",Summarize Daten der Raddauerzählstellen München 2023 and compare richtung_1 by zaehlstelle.
8.5,Daten der Raddauerzählstellen München 2023,15 Minuten-Werte - September 2023 - Daten der Raddauerzählstellen München,csv,14400,7,"InsightCard,MetricGrid,BarChart,DataTable",Summarize Daten der Raddauerzählstellen München 2023 and compare richtung_1 by zaehlstelle.
8.5,Daten der Raddauerzählstellen München 2023,Tageswerte und Wetter - September 2023 - Daten der Raddauerzählstellen München,csv,150,12,"InsightCard,MetricGrid,BarChart,DataTable",Summarize Daten der Raddauerzählstellen München 2023 and compare richtung_1 by zaehlstelle.
8.5,Daten der Raddauerzählstellen München 2023,15 Minuten-Werte - Oktober 2023 - Daten der Raddauerzählstellen München,csv,14880,7,"InsightCard,MetricGrid,BarChart,DataTable",Summarize Daten der Raddauerzählstellen München 2023 and compare richtung_1 by zaehlstelle.
8.5,Daten der Raddauerzählstellen München 2023,Tageswerte und Wetter - Oktober 2023 - Daten der Raddauerzählstellen München,csv,155,12,"InsightCard,MetricGrid,BarChart,DataTable",Summarize Daten der Raddauerzählstellen München 2023 and compare richtung_1 by zaehlstelle.
8.5,Daten der Raddauerzählstellen München 2023,15 Minuten-Werte - November 2023 - Daten der Raddauerzählstellen München,csv,14400,7,"InsightCard,MetricGrid,BarChart,DataTable",Summarize Daten der Raddauerzählstellen München 2023 and compare richtung_1 by zaehlstelle.
8.5,Daten der Raddauerzählstellen München 2023,Tageswerte und Wetter - November 2023 - Daten der Raddauerzählstellen München,csv,150,12,"InsightCard,MetricGrid,BarChart,DataTable",Summarize Daten der Raddauerzählstellen München 2023 and compare richtung_1 by zaehlstelle.
8.5,Daten der Raddauerzählstellen München 2023,Tageswerte und Wetter - Dezember 2023 - Daten der Raddauerzählstellen München,csv,155,12,"InsightCard,MetricGrid,BarChart,DataTable",Summarize Daten der Raddauerzählstellen München 2023 and compare Unnamed: 0 by zaehlstelle.
8.5,Daten der Raddauerzählstellen München Februar 2019,15 Minuten-Werte - Daten der Raddauerzählstellen München Februar 2019,csv,16128,7,"InsightCard,MetricGrid,BarChart,DataTable",Summarize Daten der Raddauerzählstellen München Februar 2019 and compare richtung_1 by zaehlstelle.
8.5,Daten der Raddauerzählstellen München Februar 2021,15 Minuten-Werte - Daten der Raddauerzählstellen München Februar 2021,csv,16128,7,"InsightCard,MetricGrid,BarChart,DataTable",Summarize Daten der Raddauerzählstellen München Februar 2021 and compare richtung_1 by zaehlstelle.
8.5,Daten der Raddauerzählstellen München April 2020,15 Minuten-Werte - Daten der Raddauerzählstellen München April 2020,csv,17280,7,"InsightCard,MetricGrid,BarChart,DataTable",Summarize Daten der Raddauerzählstellen München April 2020 and compare richtung_1 by zaehlstelle.
8.5,Daten der Raddauerzählstellen München April 2021,15 Minuten-Werte - Daten der Raddauerzählstellen München April 2021,csv,17280,7,"InsightCard,MetricGrid,BarChart,DataTable",Summarize Daten der Raddauerzählstellen München April 2021 and compare richtung_1 by zaehlstelle.
8.5,Daten der Raddauerzählstellen München Januar 2017,15 Minuten-Werte - Daten der Raddauerzählstellen München Januar 2017,csv,17856,7,"InsightCard,MetricGrid,BarChart,DataTable",Summarize Daten der Raddauerzählstellen München Januar 2017 and compare richtung_1 by zaehlstelle.
8.5,Daten der Raddauerzählstellen München Februar 2020,15 Minuten-Werte - Daten der Raddauerzählstellen München Februar 2020,csv,16704,7,"InsightCard,MetricGrid,BarChart,DataTable",Summarize Daten der Raddauerzählstellen München Februar 2020 and compare richtung_1 by zaehlstelle.
8.5,Daten der Raddauerzählstellen München September 2019,15 Minuten-Werte - Daten der Raddauerzählstellen München September 2019,csv,17280,7,"InsightCard,MetricGrid,BarChart,DataTable",Summarize Daten der Raddauerzählstellen München September 2019 and compare richtung_1 by zaehlstelle.
8.5,Daten der Raddauerzählstellen München März 2019,15 Minuten-Werte - Daten der Raddauerzählstellen München März 2019,csv,17856,7,"InsightCard,MetricGrid,BarChart,DataTable",Summarize Daten der Raddauerzählstellen München März 2019 and compare richtung_1 by zaehlstelle.
8.5,Daten der Raddauerzählstellen München September 2018,15 Minuten-Werte - Daten der Raddauerzählstellen München September 2018,csv,17280,7,"InsightCard,MetricGrid,BarChart,DataTable",Summarize Daten der Raddauerzählstellen München September 2018 and compare richtung_1 by zaehlstelle.
8.5,Daten der Raddauerzählstellen München März 2017,15 Minuten-Werte - Daten der Raddauerzählstellen München März 2017,csv,17856,7,"InsightCard,MetricGrid,BarChart,DataTable",Summarize Daten der Raddauerzählstellen München März 2017 and compare richtung_1 by zaehlstelle.
8.5,Daten der Raddauerzählstellen München November 2018,15 Minuten-Werte - Daten der Raddauerzählstellen München November 2018,csv,17280,7,"InsightCard,MetricGrid,BarChart,DataTable",Summarize Daten der Raddauerzählstellen München November 2018 and compare richtung_1 by zaehlstelle.
8.5,Daten der Raddauerzählstellen München Mai 2019,15 Minuten-Werte - Daten der Raddauerzählstellen München Mai 2019,csv,17854,7,"InsightCard,MetricGrid,BarChart,DataTable",Summarize Daten der Raddauerzählstellen München Mai 2019 and compare richtung_1 by zaehlstelle.
8.5,Daten der Raddauerzählstellen München Juni 2018, 15 Minuten-Werte - Daten der Raddauerzählstellen München Juni 2018 ,csv,17280,7,"InsightCard,MetricGrid,BarChart,DataTable",Summarize Daten der Raddauerzählstellen München Juni 2018 and compare richtung_1 by zaehlstelle.
8.5,Daten der Raddauerzählstellen München Juni 2021,15 Minuten-Werte - Daten der Raddauerzählstellen München Juni 2021,csv,17280,7,"InsightCard,MetricGrid,BarChart,DataTable",Summarize Daten der Raddauerzählstellen München Juni 2021 and compare richtung_1 by zaehlstelle.
8.5,Daten der Raddauerzählstellen München Juli 2021,15 Minuten-Werte - Daten der Raddauerzählstellen München Juli 2021,csv,17856,7,"InsightCard,MetricGrid,BarChart,DataTable",Summarize Daten der Raddauerzählstellen München Juli 2021 and compare richtung_1 by zaehlstelle.
8.5,Daten der Raddauerzählstellen München 2024,15 Minuten-Werte - Januar 2024 - Daten der Raddauerzählstellen München,csv,11904,7,"InsightCard,MetricGrid,BarChart,DataTable",Summarize Daten der Raddauerzählstellen München 2024 and compare richtung_1 by zaehlstelle.
8.5,Daten der Raddauerzählstellen München 2024,Tageswerte und Wetter - Januar 2024 - Daten der Raddauerzählstellen München,csv,124,12,"InsightCard,MetricGrid,BarChart,DataTable",Summarize Daten der Raddauerzählstellen München 2024 and compare richtung_1 by zaehlstelle.
8.5,Daten der Raddauerzählstellen München 2024,15 Minuten-Werte - Februar 2024 - Daten der Raddauerzählstellen München,csv,11136,7,"InsightCard,MetricGrid,BarChart,DataTable",Summarize Daten der Raddauerzählstellen München 2024 and compare richtung_1 by zaehlstelle.
8.5,Daten der Raddauerzählstellen München 2024,Tageswerte und Wetter - Februar 2024 - Daten der Raddauerzählstellen München,csv,116,12,"InsightCard,MetricGrid,BarChart,DataTable",Summarize Daten der Raddauerzählstellen München 2024 and compare richtung_1 by zaehlstelle.
8.5,Daten der Raddauerzählstellen München 2024,15 Minuten-Werte - März 2024 - Daten der Raddauerzählstellen München,csv,11904,7,"InsightCard,MetricGrid,BarChart,DataTable",Summarize Daten der Raddauerzählstellen München 2024 and compare richtung_1 by zaehlstelle.
8.5,Daten der Raddauerzählstellen München 2024,Tageswerte und Wetter - März 2024 - Daten der Raddauerzählstellen München,csv,124,12,"InsightCard,MetricGrid,BarChart,DataTable",Summarize Daten der Raddauerzählstellen München 2024 and compare richtung_1 by zaehlstelle.
8.5,Daten der Raddauerzählstellen München 2024,15 Minuten-Werte - April 2024 - Daten der Raddauerzählstellen München,csv,11520,7,"InsightCard,MetricGrid,BarChart,DataTable",Summarize Daten der Raddauerzählstellen München 2024 and compare richtung_1 by zaehlstelle.
8.5,Daten der Raddauerzählstellen München 2024,Tageswerte und Wetter - April 2024 - Daten der Raddauerzählstellen München,csv,120,12,"InsightCard,MetricGrid,BarChart,DataTable",Summarize Daten der Raddauerzählstellen München 2024 and compare richtung_1 by zaehlstelle.
8.5,Daten der Raddauerzählstellen München 2024,15 Minuten-Werte - Mai 2024 - Daten der Raddauerzählstellen München,csv,11904,7,"InsightCard,MetricGrid,BarChart,DataTable",Summarize Daten der Raddauerzählstellen München 2024 and compare richtung_1 by zaehlstelle.
8.5,Daten der Raddauerzählstellen München 2024,Tageswerte und Wetter - Mai 2024 - Daten der Raddauerzählstellen München,csv,124,12,"InsightCard,MetricGrid,BarChart,DataTable",Summarize Daten der Raddauerzählstellen München 2024 and compare richtung_1 by zaehlstelle.
8.5,Daten der Raddauerzählstellen München 2024,15 Minuten-Werte - Juni 2024 - Daten der Raddauerzählstellen München,csv,11520,7,"InsightCard,MetricGrid,BarChart,DataTable",Summarize Daten der Raddauerzählstellen München 2024 and compare richtung_1 by zaehlstelle.
8.5,Daten der Raddauerzählstellen München 2024,Tageswerte und Wetter - Juni 2024 - Daten der Raddauerzählstellen München,csv,120,12,"InsightCard,MetricGrid,BarChart,DataTable",Summarize Daten der Raddauerzählstellen München 2024 and compare richtung_1 by zaehlstelle.
8.5,Daten der Raddauerzählstellen München 2024,15 Minuten-Werte - Juli 2024 - Daten der Raddauerzählstellen München,csv,14880,7,"InsightCard,MetricGrid,BarChart,DataTable",Summarize Daten der Raddauerzählstellen München 2024 and compare richtung_1 by zaehlstelle.
8.5,Daten der Raddauerzählstellen München 2024,Tageswerte und Wetter - Juli 2024 - Daten der Raddauerzählstellen München,csv,124,12,"InsightCard,MetricGrid,BarChart,DataTable",Summarize Daten der Raddauerzählstellen München 2024 and compare richtung_1 by zaehlstelle.
8.5,Daten der Raddauerzählstellen München 2024,15 Minuten-Werte - August 2024 - Daten der Raddauerzählstellen München,csv,11904,7,"InsightCard,MetricGrid,BarChart,DataTable",Summarize Daten der Raddauerzählstellen München 2024 and compare richtung_1 by zaehlstelle.
8.5,Daten der Raddauerzählstellen München 2024,Tageswerte und Wetter - August 2024 - Daten der Raddauerzählstellen München,csv,124,12,"InsightCard,MetricGrid,BarChart,DataTable",Summarize Daten der Raddauerzählstellen München 2024 and compare richtung_1 by zaehlstelle.
8.5,Daten der Raddauerzählstellen München 2024,15 Minuten-Werte - September 2024 - Daten der Raddauerzählstellen München,csv,9120,7,"InsightCard,MetricGrid,BarChart,DataTable",Summarize Daten der Raddauerzählstellen München 2024 and compare richtung_1 by zaehlstelle.
8.5,Daten der Raddauerzählstellen München 2024,15 Minuten-Werte - November 2024 - Daten der Raddauerzählstellen München,csv,9024,7,"InsightCard,MetricGrid,BarChart,DataTable",Summarize Daten der Raddauerzählstellen München 2024 and compare richtung_1 by zaehlstelle.
8.5,Daten der Raddauerzählstellen München 2024,15 Minuten-Werte - Dezember 2024 - Daten der Raddauerzählstellen München,csv,11904,7,"InsightCard,MetricGrid,BarChart,DataTable",Summarize Daten der Raddauerzählstellen München 2024 and compare richtung_1 by zaehlstelle.
8.5,Daten der Raddauerzählstellen München 2024,Tageswerte und Wetter - Dezember 2024 - Daten der Raddauerzählstellen München,csv,124,12,"InsightCard,MetricGrid,BarChart,DataTable",Summarize Daten der Raddauerzählstellen München 2024 and compare richtung_1 by zaehlstelle.
8.5,Daten der Raddauerzählstellen München September 2021,15 Minuten-Werte - Daten der Raddauerzählstellen München September 2021,csv,17280,7,"InsightCard,MetricGrid,BarChart,DataTable",Summarize Daten der Raddauerzählstellen München September 2021 and compare richtung_1 by zaehlstelle.
8.5,Daten der Raddauerzählstellen München März 2020,15 Minuten-Werte - Daten der Raddauerzählstellen München März 2020,csv,17856,7,"InsightCard,MetricGrid,BarChart,DataTable",Summarize Daten der Raddauerzählstellen München März 2020 and compare richtung_1 by zaehlstelle.
8.5,Daten der Raddauerzählstellen München März 2018,15 Minuten-Werte - Daten der Raddauerzählstellen München März  2018,csv,17856,7,"InsightCard,MetricGrid,BarChart,DataTable",Summarize Daten der Raddauerzählstellen München März 2018 and compare richtung_1 by zaehlstelle.
8.5,Daten der Raddauerzählstellen München August 2019,15 Minuten-Werte - Daten der Raddauerzählstellen München August 2019,csv,17856,7,"InsightCard,MetricGrid,BarChart,DataTable",Summarize Daten der Raddauerzählstellen München August 2019 and compare richtung_1 by zaehlstelle.
8.5,Daten der Raddauerzählstellen München Oktober 2017,15 Minuten-Werte - Daten der Raddauerzählstellen München Oktober 2017,csv,17856,7,"InsightCard,MetricGrid,BarChart,DataTable",Summarize Daten der Raddauerzählstellen München Oktober 2017 and compare richtung_1 by zaehlstelle.
8.5,Daten der Raddauerzählstellen München September 2020,15 Minuten-Werte - Daten der Raddauerzählstellen München September 2020,csv,17280,7,"InsightCard,MetricGrid,BarChart,DataTable",Summarize Daten der Raddauerzählstellen München September 2020 and compare richtung_1 by zaehlstelle.
8.5,Daten der Raddauerzählstellen München Juli 2020,15 Minuten-Werte - Daten der Raddauerzählstellen München Juli 2020,csv,17856,7,"InsightCard,MetricGrid,BarChart,DataTable",Summarize Daten der Raddauerzählstellen München Juli 2020 and compare richtung_1 by zaehlstelle.
8.5,Daten der Raddauerzählstellen München August 2020,15 Minuten-Werte - Daten der Raddauerzählstellen München August 2020,csv,17856,7,"InsightCard,MetricGrid,BarChart,DataTable",Summarize Daten der Raddauerzählstellen München August 2020 and compare richtung_1 by zaehlstelle.
8.5,Daten der Raddauerzählstellen München 2022,15 Minuten-Werte - Januar 2022 - Daten der Raddauerzählstellen München,csv,17856,7,"InsightCard,MetricGrid,BarChart,DataTable",Summarize Daten der Raddauerzählstellen München 2022 and compare richtung_1 by zaehlstelle.
8.5,Daten der Raddauerzählstellen München 2022,15 Minuten-Werte - Februar 2022 - Daten der Raddauerzählstellen München,csv,16128,7,"InsightCard,MetricGrid,BarChart,DataTable",Summarize Daten der Raddauerzählstellen München 2022 and compare richtung_1 by zaehlstelle.
8.5,Daten der Raddauerzählstellen München 2022,15 Minuten-Werte - März 2022 - Daten der Raddauerzählstellen München,csv,17856,7,"InsightCard,MetricGrid,BarChart,DataTable",Summarize Daten der Raddauerzählstellen München 2022 and compare richtung_1 by zaehlstelle.
8.5,Daten der Raddauerzählstellen München 2022,15 Minuten-Werte - April 2022 - Daten der Raddauerzählstellen München,csv,17280,7,"InsightCard,MetricGrid,BarChart,DataTable",Summarize Daten der Raddauerzählstellen München 2022 and compare richtung_1 by zaehlstelle.
8.5,Daten der Raddauerzählstellen München 2022,15 Minuten-Werte - Mai 2022 - Daten der Raddauerzählstellen München,csv,17856,7,"InsightCard,MetricGrid,BarChart,DataTable",Summarize Daten der Raddauerzählstellen München 2022 and compare richtung_1 by zaehlstelle.
8.5,Daten der Raddauerzählstellen München 2022,15 Minuten-Werte - Juni 2022 - Daten der Raddauerzählstellen München,csv,17280,7,"InsightCard,MetricGrid,BarChart,DataTable",Summarize Daten der Raddauerzählstellen München 2022 and compare richtung_1 by zaehlstelle.
8.5,Daten der Raddauerzählstellen München 2022,15 Minuten-Werte - Juli 2022 - Daten der Raddauerzählstellen München,csv,17856,7,"InsightCard,MetricGrid,BarChart,DataTable",Summarize Daten der Raddauerzählstellen München 2022 and compare richtung_1 by zaehlstelle.
8.5,Daten der Raddauerzählstellen München 2022,15 Minuten-Werte - August 2022 - Daten der Raddauerzählstellen München,csv,17856,7,"InsightCard,MetricGrid,BarChart,DataTable",Summarize Daten der Raddauerzählstellen München 2022 and compare richtung_1 by zaehlstelle.
8.5,Daten der Raddauerzählstellen München 2022,15 Minuten-Werte - September 2022 - Daten der Raddauerzählstellen München,csv,17280,7,"InsightCard,MetricGrid,BarChart,DataTable",Summarize Daten der Raddauerzählstellen München 2022 and compare richtung_1 by zaehlstelle.
8.5,Daten der Raddauerzählstellen München 2022,15 Minuten-Werte - Oktober 2022 - Daten der Raddauerzählstellen München,csv,17856,7,"InsightCard,MetricGrid,BarChart,DataTable",Summarize Daten der Raddauerzählstellen München 2022 and compare richtung_1 by zaehlstelle.
8.5,Daten der Raddauerzählstellen München 2022,15 Minuten-Werte - November 2022 - Daten der Raddauerzählstellen München,csv,17280,7,"InsightCard,MetricGrid,BarChart,DataTable",Summarize Daten der Raddauerzählstellen München 2022 and compare richtung_1 by zaehlstelle.
8.5,Daten der Raddauerzählstellen München 2022,15 Minuten-Werte - Dezember 2022 - Daten der Raddauerzählstellen München,csv,17856,7,"InsightCard,MetricGrid,BarChart,DataTable",Summarize Daten der Raddauerzählstellen München 2022 and compare richtung_1 by zaehlstelle.
8.5,Daten der Raddauerzählstellen München Juni 2017,15 Minuten-Werte - Daten der Raddauerzählstellen München Juni 2017,csv,17280,7,"InsightCard,MetricGrid,BarChart,DataTable",Summarize Daten der Raddauerzählstellen München Juni 2017 and compare richtung_1 by zaehlstelle.
8.5,Daten der Raddauerzählstellen München November 2021,15 Minuten-Werte - Daten der Raddauerzählstellen München November 2021,csv,17280,7,"InsightCard,MetricGrid,BarChart,DataTable",Summarize Daten der Raddauerzählstellen München November 2021 and compare richtung_1 by zaehlstelle.
8.5,Daten der Raddauerzählstellen München Juli 2018,15 Minuten-Werte - Daten der Raddauerzählstellen München Juli 2018,csv,17848,7,"InsightCard,MetricGrid,BarChart,DataTable",Summarize Daten der Raddauerzählstellen München Juli 2018 and compare richtung_1 by zaehlstelle.
8.5,Daten der Raddauerzählstellen München Januar 2020,15 Minuten-Werte - Daten der Raddauerzählstellen München Januar 2020,csv,17856,7,"InsightCard,MetricGrid,BarChart,DataTable",Summarize Daten der Raddauerzählstellen München Januar 2020 and compare richtung_1 by zaehlstelle.
8.5,Daten der Raddauerzählstellen München November 2017,15 Minuten-Werte - Daten der Raddauerzählstellen München November 2017,csv,17280,7,"InsightCard,MetricGrid,BarChart,DataTable",Summarize Daten der Raddauerzählstellen München November 2017 and compare richtung_1 by zaehlstelle.
8.5,Daten der Raddauerzählstellen München September 2017,15 Minuten-Werte - Daten der Raddauerzählstellen München September 2017,csv,17280,7,"InsightCard,MetricGrid,BarChart,DataTable",Summarize Daten der Raddauerzählstellen München September 2017 and compare richtung_1 by zaehlstelle.
8.5,Daten der Raddauerzählstellen München November 2020,15 Minuten-Werte - Daten der Raddauerzählstellen München November 2020,csv,17280,7,"InsightCard,MetricGrid,BarChart,DataTable",Summarize Daten der Raddauerzählstellen München November 2020 and compare richtung_1 by zaehlstelle.
8.5,Daten der Raddauerzählstellen München Januar 2019,15 Minuten-Werte - Daten der Raddauerzählstellen München Januar 2019,csv,17856,7,"InsightCard,MetricGrid,BarChart,DataTable",Summarize Daten der Raddauerzählstellen München Januar 2019 and compare richtung_1 by zaehlstelle.
8.5,Daten der Raddauerzählstellen München August 2017,15 Minuten-Werte - Daten der Raddauerzählstellen München August 2017,csv,17856,7,"InsightCard,MetricGrid,BarChart,DataTable",Summarize Daten der Raddauerzählstellen München August 2017 and compare richtung_1 by zaehlstelle.
8.5,Daten der Raddauerzählstellen München Dezember 2021,15 Minuten-Werte - Daten der Raddauerzählstellen München Dezember 2021,csv,17856,7,"InsightCard,MetricGrid,BarChart,DataTable",Summarize Daten der Raddauerzählstellen München Dezember 2021 and compare richtung_1 by zaehlstelle.
8.5,Daten der Raddauerzählstellen München Oktober 2019,  15 Minuten-Werte - Daten der Raddauerzählstellen München Oktober 2019,csv,17856,7,"InsightCard,MetricGrid,BarChart,DataTable",Summarize Daten der Raddauerzählstellen München Oktober 2019 and compare richtung_1 by zaehlstelle.
8.5,Daten der Raddauerzählstellen München Mai 2020,15 Minuten-Werte - Daten der Raddauerzählstellen München Mai 2020,csv,17856,7,"InsightCard,MetricGrid,BarChart,DataTable",Summarize Daten der Raddauerzählstellen München Mai 2020 and compare richtung_1 by zaehlstelle.
8.5,Daten der Raddauerzählstellen München Mai 2017,15 Minuten-Werte - Daten der Raddauerzählstellen München Mai 2017,csv,17856,7,"InsightCard,MetricGrid,BarChart,DataTable",Summarize Daten der Raddauerzählstellen München Mai 2017 and compare richtung_1 by zaehlstelle.
8.5,Daten der Raddauerzählstellen München März 2021,15 Minuten-Werte - Daten der Raddauerzählstellen München März 2021,csv,17856,7,"InsightCard,MetricGrid,BarChart,DataTable",Summarize Daten der Raddauerzählstellen München März 2021 and compare richtung_1 by zaehlstelle.
8.5,Daten der Raddauerzählstellen München Februar 2017,15 Minuten-Werte - Daten der Raddauerzählstellen München Februar 2017,csv,16128,7,"InsightCard,MetricGrid,BarChart,DataTable",Summarize Daten der Raddauerzählstellen München Februar 2017 and compare richtung_1 by zaehlstelle.
8.5,Daten der Raddauerzählstellen München August 2021,15 Minuten-Werte - Daten der Raddauerzählstellen München August 2021,csv,17856,7,"InsightCard,MetricGrid,BarChart,DataTable",Summarize Daten der Raddauerzählstellen München August 2021 and compare richtung_1 by zaehlstelle.
8.5,Daten der Raddauerzählstellen München Dezember 2020,15 Minuten-Werte - Daten der Raddauerzählstellen München Dezember 2020,csv,17856,7,"InsightCard,MetricGrid,BarChart,DataTable",Summarize Daten der Raddauerzählstellen München Dezember 2020 and compare richtung_1 by zaehlstelle.
8.5,Daten der Raddauerzählstellen München Dezember 2017,15 Minuten-Werte - Daten der Raddauerzählstellen München Dezember 2017,csv,17856,7,"InsightCard,MetricGrid,BarChart,DataTable",Summarize Daten der Raddauerzählstellen München Dezember 2017 and compare richtung_1 by zaehlstelle.
8.5,Daten der Raddauerzählstellen München April 2018,15 Minuten-Werte - Daten der Raddauerzählstellen München April 2018,csv,17280,7,"InsightCard,MetricGrid,BarChart,DataTable",Summarize Daten der Raddauerzählstellen München April 2018 and compare richtung_1 by zaehlstelle.
8.5,Daten der Raddauerzählstellen München Juni 2019,15 Minuten-Werte - Daten der Raddauerzählstellen München Juni 2019,csv,14016,7,"InsightCard,MetricGrid,BarChart,DataTable",Summarize Daten der Raddauerzählstellen München Juni 2019 and compare richtung_1 by zaehlstelle.
8.5,Daten der Raddauerzählstellen München Oktober 2021,15 Minuten-Werte - Daten der Raddauerzählstellen München Oktober 2021,csv,17856,7,"InsightCard,MetricGrid,BarChart,DataTable",Summarize Daten der Raddauerzählstellen München Oktober 2021 and compare richtung_1 by zaehlstelle.
8.5,Daten der Raddauerzählstellen München April 2017,15 Minuten-Werte - Daten der Raddauerzählstellen München April 2017,csv,17280,7,"InsightCard,MetricGrid,BarChart,DataTable",Summarize Daten der Raddauerzählstellen München April 2017 and compare richtung_1 by zaehlstelle.
8.5,Daten der Raddauerzählstellen München April 2019,15 Minuten-Werte - Daten der Raddauerzählstellen München April 2019,csv,17280,7,"InsightCard,MetricGrid,BarChart,DataTable",Summarize Daten der Raddauerzählstellen München April 2019 and compare richtung_1 by zaehlstelle.
8.5,Daten der Raddauerzählstellen München Januar 2018,15 Minuten-Werte - Daten der Raddauerzählstellen München Januar 2018,csv,17856,7,"InsightCard,MetricGrid,BarChart,DataTable",Summarize Daten der Raddauerzählstellen München Januar 2018 and compare richtung_1 by zaehlstelle.
8.5,Daten der Raddauerzählstellen München Februar 2018,15 Minuten-Werte - Daten der Raddauerzählstellen München Februar 2018,csv,16128,7,"InsightCard,MetricGrid,BarChart,DataTable",Summarize Daten der Raddauerzählstellen München Februar 2018 and compare richtung_1 by zaehlstelle.
8.5,Daten der Raddauerzählstellen München Mai 2021,15 Minuten-Werte - Daten der Raddauerzählstellen München Mai 2021,csv,17856,7,"InsightCard,MetricGrid,BarChart,DataTable",Summarize Daten der Raddauerzählstellen München Mai 2021 and compare richtung_1 by zaehlstelle.
8.5,Daten der Raddauerzählstellen München Juli 2017,15 Minuten-Werte - Daten der Raddauerzählstellen München Juli 2017,csv,17856,7,"InsightCard,MetricGrid,BarChart,DataTable",Summarize Daten der Raddauerzählstellen München Juli 2017 and compare richtung_1 by zaehlstelle.
8.5,Daten der Raddauerzählstellen München Oktober 2018,15 Minuten-Werte - Daten der Raddauerzählstellen München Oktober 2018,csv,17856,7,"InsightCard,MetricGrid,BarChart,DataTable",Summarize Daten der Raddauerzählstellen München Oktober 2018 and compare richtung_1 by zaehlstelle.
8.5,Daten der Raddauerzählstellen München November 2019,15 Minuten-Werte - Daten der Raddauerzählstellen München November 2019,csv,17280,7,"InsightCard,MetricGrid,BarChart,DataTable",Summarize Daten der Raddauerzählstellen München November 2019 and compare richtung_1 by zaehlstelle.
8.5,Daten der Raddauerzählstellen München Dezember 2019,15 Minuten-Werte - Daten der Raddauerzählstellen München Dezember 2019,csv,17856,7,"InsightCard,MetricGrid,BarChart,DataTable",Summarize Daten der Raddauerzählstellen München Dezember 2019 and compare richtung_1 by zaehlstelle.
8.5,Daten der Raddauerzählstellen München Oktober 2020,15 Minuten-Werte - Daten der Raddauerzählstellen München Oktober 2020,csv,17856,7,"InsightCard,MetricGrid,BarChart,DataTable",Summarize Daten der Raddauerzählstellen München Oktober 2020 and compare richtung_1 by zaehlstelle.
8.5,Daten der Raddauerzählstellen München August 2018,15 Minuten-Werte - Daten der Raddauerzählstellen München August 2018 ,csv,17856,7,"InsightCard,MetricGrid,BarChart,DataTable",Summarize Daten der Raddauerzählstellen München August 2018 and compare richtung_1 by zaehlstelle.
8.5,Daten der Raddauerzählstellen München Dezember 2018,15 Minuten-Werte - Daten der Raddauerzählstellen München Dezember 2018,csv,17856,7,"InsightCard,MetricGrid,BarChart,DataTable",Summarize Daten der Raddauerzählstellen München Dezember 2018 and compare richtung_1 by zaehlstelle.
8.5,Daten der Raddauerzählstellen München Mai 2018,15 Minuten-Werte - Daten der Raddauerzählstellen München Mai 2018,csv,17856,7,"InsightCard,MetricGrid,BarChart,DataTable",Summarize Daten der Raddauerzählstellen München Mai 2018 and compare richtung_1 by zaehlstelle.
8.5,Daten der Raddauerzählstellen München Januar 2021,15 Minuten-Werte - Daten der Raddauerzählstellen München Januar 2021,csv,17856,7,"InsightCard,MetricGrid,BarChart,DataTable",Summarize Daten der Raddauerzählstellen München Januar 2021 and compare richtung_1 by zaehlstelle.
8.5,Daten der Raddauerzählstellen München Juli 2019,15 Minuten-Werte - Daten der Raddauerzählstellen München Juli 2019,csv,14880,7,"InsightCard,MetricGrid,BarChart,DataTable",Summarize Daten der Raddauerzählstellen München Juli 2019 and compare richtung_1 by zaehlstelle.
8.5,Daten der Raddauerzählstellen München Juni 2020,15 Minuten-Werte - Daten der Raddauerzählstellen MünchenJuni 2020,csv,17280,7,"InsightCard,MetricGrid,BarChart,DataTable",Summarize Daten der Raddauerzählstellen München Juni 2020 and compare richtung_1 by zaehlstelle.
7.75,Fahrverbotszonen für E-Tretroller,WFS (CSV),csv,57,12,"InsightCard,MetricGrid,BarChart,DataTable",Summarize Fahrverbotszonen für E-Tretroller and compare objectid by tretrollersharing.
7.75,Radlstadtplan (Ausgeschildertes Radlnetz),WFS (CSV),csv,39,7,"InsightCard,MetricGrid,BarChart,DataTable",Summarize Radlstadtplan (Ausgeschildertes Radlnetz) and compare status by planungsstatus_bedeutung.
7.75,Radlstadtplan (Fahrradstraßen),WFS (CSV),csv,92,10,"InsightCard,MetricGrid,BarChart,DataTable",Summarize Radlstadtplan (Fahrradstraßen) and compare status by anmerkung.
7.75,"Kernbeschäftigte nach Statusgruppen, Arbeitszeit und Geschlecht - Landeshauptstadt München","Kernbeschäftigte nach Statusgruppen, Arbeitszeit und Geschlecht",csv,6,6,"InsightCard,MetricGrid,BarChart,DataTable","Summarize Kernbeschäftigte nach Statusgruppen, Arbeitszeit und Geschlecht - Landeshauptstadt München and compare vollzeit_weiblich by statusgruppe."
7.75,"Kernbeschäftigte nach Referaten, Eigenbetriebe und Stiftungen - Landeshauptstadt München","Kernbeschäftigte der Landeshauptstadt München nach Referaten, Eigenbetrieben und Stiftungen",csv,69,7,"InsightCard,MetricGrid,BarChart,DataTable","Summarize Kernbeschäftigte nach Referaten, Eigenbetriebe und Stiftungen - Landeshauptstadt München and compare vollzeit_weiblich by referat_typ."
7.75,Daten der Raddauerzählstellen München 2024,Tageswerte und Wetter - September 2024 - Daten der Raddauerzählstellen München,csv,95,12,"InsightCard,MetricGrid,BarChart,DataTable",Summarize Daten der Raddauerzählstellen München 2024 and compare richtung_1 by zaehlstelle.
7.75,Daten der Raddauerzählstellen München 2024,Tageswerte und Wetter - Oktober 2024 - Daten der Raddauerzählstellen München,csv,93,12,"InsightCard,MetricGrid,BarChart,DataTable",Summarize Daten der Raddauerzählstellen München 2024 and compare richtung_1 by zaehlstelle.
7.75,Daten der Raddauerzählstellen München 2024,Tageswerte und Wetter - November 2024 - Daten der Raddauerzählstellen München,csv,95,12,"InsightCard,MetricGrid,BarChart,DataTable",Summarize Daten der Raddauerzählstellen München 2024 and compare richtung_1 by zaehlstelle.
7.75,Wohnungen Münchner Wohnen,Zahl der Wohnungen der Münchner Wohnen,csv,12,7,"InsightCard,MetricGrid,BarChart,DataTable",Summarize Wohnungen Münchner Wohnen and compare wohnungsbestand_gesamt by unternehmen.
7.75,Filmfest München,Besucher*innen und Anzahl Filme beim Filmfest und Filmschoolfest München,csv,10,5,"InsightCard,MetricGrid,BarChart,DataTable",Summarize Filmfest München and compare Besucher*innen by Veranstaltung.
7.5,Mobilitätspunkte,WFS (GML),xml,362,12,"InsightCard,MetricGrid,BarChart,DataTable",Summarize Mobilitätspunkte and compare objectid by gaf_ts_vorhanden.
7.5,Flexzonen für MyRadl,WFS (CSV),csv,144,7,"InsightCard,MetricGrid,Histogram,DataTable",Show the distribution of objectid in Flexzonen für MyRadl.
7.5,"Baustellen - Temporäre Einschränkungen beim Gehen, Fahren und Parken (Opendata)",WFS (GML),xml,,12,"InsightCard,MetricGrid,BarChart,DataTable","Summarize Baustellen - Temporäre Einschränkungen beim Gehen, Fahren und Parken (Opendata) and compare srsDimension by kontakt_oeffentlich."
7.5,Bürgerversammlungen - Empfehlungen,BV-Empfehlungen - RSS-Feed,xml,680,12,"InsightCard,MetricGrid,BarChart,DataTable",Summarize Bürgerversammlungen - Empfehlungen and compare version by channel.title.
7.5,Bürgerversammlungen - Anfragen,BV-Anfragen - RSS-Feed,xml,186,12,"InsightCard,MetricGrid,BarChart,DataTable",Summarize Bürgerversammlungen - Anfragen and compare version by channel.title.
7.5,Ordentliche Erträge und Aufwendungen der Produkte der LHM,Ordentliche Erträge und Aufwendungen LHM-Produkte,csv,1371,5,"InsightCard,MetricGrid,Histogram,DataTable",Show the distribution of ordentliche ertraege rechnungsergebnis in Ordentliche Erträge und Aufwendungen der Produkte der LHM.
7.5,Daten der Raddauerzählstellen München 2023,Tageswerte und Wetter - Januar 2023 - Daten der Raddauerzählstellen München,csv,186,12,"InsightCard,MetricGrid,Histogram,DataTable",Show the distribution of richtung_1 in Daten der Raddauerzählstellen München 2023.
7.5,Daten der Raddauerzählstellen München 2023,Tageswerte und Wetter - Februar 2023 - Daten der Raddauerzählstellen München,csv,168,12,"InsightCard,MetricGrid,Histogram,DataTable",Show the distribution of richtung_1 in Daten der Raddauerzählstellen München 2023.
7.5,Daten der Raddauerzählstellen München 2023,Tageswerte und Wetter - März 2023 - Daten der Raddauerzählstellen München,csv,186,12,"InsightCard,MetricGrid,Histogram,DataTable",Show the distribution of richtung_1 in Daten der Raddauerzählstellen München 2023.
7.5,Daten der Raddauerzählstellen München 2023,Tageswerte und Wetter - April 2023 - Daten der Raddauerzählstellen München,csv,180,12,"InsightCard,MetricGrid,Histogram,DataTable",Show the distribution of richtung_1 in Daten der Raddauerzählstellen München 2023.
7.5,Daten der Raddauerzählstellen München 2023,Tageswerte und Wetter - Mai 2023 - Daten der Raddauerzählstellen München,csv,186,12,"InsightCard,MetricGrid,Histogram,DataTable",Show the distribution of richtung_1 in Daten der Raddauerzählstellen München 2023.
7.5,Daten der Raddauerzählstellen München 2023,Tageswerte und Wetter - Juni 2023 - Daten der Raddauerzählstellen München,csv,180,12,"InsightCard,MetricGrid,Histogram,DataTable",Show the distribution of richtung_1 in Daten der Raddauerzählstellen München 2023.
7.5,Daten der Raddauerzählstellen München Februar 2019,Tageswerte und Wetter - Daten der Raddauerzählstellen München Februar 2019,csv,168,12,"InsightCard,MetricGrid,Histogram,DataTable",Show the distribution of richtung_1 in Daten der Raddauerzählstellen München Februar 2019.
7.5,Daten der Raddauerzählstellen München Februar 2021,Tageswerte und Wetter - Daten der Raddauerzählstellen München Februar 2021,csv,168,12,"InsightCard,MetricGrid,Histogram,DataTable",Show the distribution of richtung_1 in Daten der Raddauerzählstellen München Februar 2021.
7.5,Daten der Raddauerzählstellen München April 2020,Tageswerte und Wetter - Daten der Raddauerzählstellen München April 2020,csv,180,12,"InsightCard,MetricGrid,Histogram,DataTable",Show the distribution of richtung_1 in Daten der Raddauerzählstellen München April 2020.
7.5,Daten der Raddauerzählstellen München April 2021,Tageswerte und Wetter - Daten der Raddauerzählstellen München April 2021,csv,180,12,"InsightCard,MetricGrid,Histogram,DataTable",Show the distribution of richtung_1 in Daten der Raddauerzählstellen München April 2021.
7.5,Daten der Raddauerzählstellen München Januar 2017,Tageswerte und Wetter - Daten der Raddauerzählstellen München Januar 2017,csv,186,12,"InsightCard,MetricGrid,Histogram,DataTable",Show the distribution of richtung_1 in Daten der Raddauerzählstellen München Januar 2017.
7.5,Daten der Raddauerzählstellen München Februar 2020,Tageswerte und Wetter - Daten der Raddauerzählstellen München Februar 2020,csv,174,12,"InsightCard,MetricGrid,Histogram,DataTable",Show the distribution of richtung_1 in Daten der Raddauerzählstellen München Februar 2020.
7.5,Daten der Raddauerzählstellen München September 2019,Tageswerte und Wetter - Daten der Raddauerzählstellen München September 2019,csv,180,12,"InsightCard,MetricGrid,Histogram,DataTable",Show the distribution of richtung_1 in Daten der Raddauerzählstellen München September 2019.
7.5,Daten der Raddauerzählstellen München März 2019,Tageswerte und Wetter - Daten der Raddauerzählstellen München März 2019,csv,186,12,"InsightCard,MetricGrid,Histogram,DataTable",Show the distribution of richtung_1 in Daten der Raddauerzählstellen München März 2019.
7.5,Daten der Raddauerzählstellen München September 2018,Tageswerte und Wetter - Daten der Raddauerzählstellen München September 2018,csv,180,12,"InsightCard,MetricGrid,Histogram,DataTable",Show the distribution of richtung_1 in Daten der Raddauerzählstellen München September 2018.
7.5,Daten der Raddauerzählstellen München März 2017,Tageswerte und Wetter - Daten der Raddauerzählstellen München März 2017,csv,186,12,"InsightCard,MetricGrid,Histogram,DataTable",Show the distribution of richtung_1 in Daten der Raddauerzählstellen München März 2017.
7.5,Daten der Raddauerzählstellen München November 2018,Tageswerte und Wetter - Daten der Raddauerzählstellen München November 2018,csv,180,12,"InsightCard,MetricGrid,Histogram,DataTable",Show the distribution of richtung_1 in Daten der Raddauerzählstellen München November 2018.
7.5,Daten der Raddauerzählstellen München Mai 2019,Tageswerte und Wetter - Daten der Raddauerzählstellen München Mai 2019,csv,186,12,"InsightCard,MetricGrid,Histogram,DataTable",Show the distribution of richtung_1 in Daten der Raddauerzählstellen München Mai 2019.
7.5,Daten der Raddauerzählstellen München Juni 2018,Tageswerte und Wetter - Daten der Raddauerzählstellen München Juni 2018,csv,180,12,"InsightCard,MetricGrid,Histogram,DataTable",Show the distribution of richtung_1 in Daten der Raddauerzählstellen München Juni 2018.
7.5,Daten der Raddauerzählstellen München Juni 2021,Tageswerte und Wetter - Daten der Raddauerzählstellen München Juni 2021,csv,180,12,"InsightCard,MetricGrid,Histogram,DataTable",Show the distribution of richtung_1 in Daten der Raddauerzählstellen München Juni 2021.
7.5,Daten der Raddauerzählstellen München Juli 2021,Tageswerte und Wetter - Daten der Raddauerzählstellen München Juli 2021,csv,186,12,"InsightCard,MetricGrid,Histogram,DataTable",Show the distribution of richtung_1 in Daten der Raddauerzählstellen München Juli 2021.
7.5,Daten der Raddauerzählstellen München September 2021,Tageswerte und Wetter - Daten der Raddauerzählstellen München September 2021,csv,180,12,"InsightCard,MetricGrid,Histogram,DataTable",Show the distribution of richtung_1 in Daten der Raddauerzählstellen München September 2021.
7.5,Daten der Raddauerzählstellen München März 2020,Tageswerte und Wetter - Daten der Raddauerzählstellen München März 2020,csv,186,12,"InsightCard,MetricGrid,Histogram,DataTable",Show the distribution of richtung_1 in Daten der Raddauerzählstellen München März 2020.
7.5,Daten der Raddauerzählstellen München März 2018,Tageswerte und Wetter - Daten der Raddauerzählstellen München März  2018,csv,186,12,"InsightCard,MetricGrid,Histogram,DataTable",Show the distribution of richtung_1 in Daten der Raddauerzählstellen München März 2018.
7.5,Daten der Raddauerzählstellen München August 2019,Tageswerte und Wetter - Daten der Raddauerzählstellen München August 2019,csv,186,12,"InsightCard,MetricGrid,Histogram,DataTable",Show the distribution of richtung_1 in Daten der Raddauerzählstellen München August 2019.
7.5,Daten der Raddauerzählstellen München Oktober 2017,Tageswerte und Wetter - Daten der Raddauerzählstellen München Oktober 2017,csv,186,12,"InsightCard,MetricGrid,Histogram,DataTable",Show the distribution of richtung_1 in Daten der Raddauerzählstellen München Oktober 2017.
7.5,Daten der Raddauerzählstellen München September 2020,Tageswerte und Wetter - Daten der Raddauerzählstellen München September 2020,csv,180,12,"InsightCard,MetricGrid,Histogram,DataTable",Show the distribution of richtung_1 in Daten der Raddauerzählstellen München September 2020.
7.5,Daten der Raddauerzählstellen München Juli 2020,Tageswerte und Wetter - Daten der Raddauerzählstellen München Juli 2020,csv,186,12,"InsightCard,MetricGrid,Histogram,DataTable",Show the distribution of richtung_1 in Daten der Raddauerzählstellen München Juli 2020.
7.5,Daten der Raddauerzählstellen München August 2020,Tageswerte und Wetter - Daten der Raddauerzählstellen München August 2020,csv,186,12,"InsightCard,MetricGrid,Histogram,DataTable",Show the distribution of richtung_1 in Daten der Raddauerzählstellen München August 2020.
7.5,Daten der Raddauerzählstellen München 2022,Tageswerte und Wetter - Januar 2022 - Daten der Raddauerzählstellen München,csv,186,12,"InsightCard,MetricGrid,Histogram,DataTable",Show the distribution of richtung_1 in Daten der Raddauerzählstellen München 2022.
7.5,Daten der Raddauerzählstellen München 2022,Tageswerte und Wetter - Februar 2022 - Daten der Raddauerzählstellen München,csv,168,12,"InsightCard,MetricGrid,Histogram,DataTable",Show the distribution of richtung_1 in Daten der Raddauerzählstellen München 2022.
7.5,Daten der Raddauerzählstellen München 2022,Tageswerte und Wetter - März 2022 - Daten der Raddauerzählstellen München,csv,186,12,"InsightCard,MetricGrid,Histogram,DataTable",Show the distribution of richtung_1 in Daten der Raddauerzählstellen München 2022.
7.5,Daten der Raddauerzählstellen München 2022,Tageswerte und Wetter - April 2022 - Daten der Raddauerzählstellen München,csv,180,12,"InsightCard,MetricGrid,Histogram,DataTable",Show the distribution of richtung_1 in Daten der Raddauerzählstellen München 2022.
7.5,Daten der Raddauerzählstellen München 2022,Tageswerte und Wetter - Mai 2022 - Daten der Raddauerzählstellen München,csv,186,12,"InsightCard,MetricGrid,Histogram,DataTable",Show the distribution of richtung_1 in Daten der Raddauerzählstellen München 2022.
7.5,Daten der Raddauerzählstellen München 2022,Tageswerte und Wetter - Juni 2022 - Daten der Raddauerzählstellen München,csv,180,12,"InsightCard,MetricGrid,Histogram,DataTable",Show the distribution of richtung_1 in Daten der Raddauerzählstellen München 2022.
7.5,Daten der Raddauerzählstellen München 2022,Tageswerte und Wetter - Juli 2022 - Daten der Raddauerzählstellen München,csv,186,12,"InsightCard,MetricGrid,Histogram,DataTable",Show the distribution of richtung_1 in Daten der Raddauerzählstellen München 2022.
7.5,Daten der Raddauerzählstellen München 2022,Tageswerte und Wetter - August 2022 - Daten der Raddauerzählstellen München,csv,186,12,"InsightCard,MetricGrid,Histogram,DataTable",Show the distribution of richtung_1 in Daten der Raddauerzählstellen München 2022.
7.5,Daten der Raddauerzählstellen München 2022,Tageswerte und Wetter - September 2022 - Daten der Raddauerzählstellen München,csv,180,12,"InsightCard,MetricGrid,Histogram,DataTable",Show the distribution of richtung_1 in Daten der Raddauerzählstellen München 2022.
7.5,Daten der Raddauerzählstellen München 2022,Tageswerte und Wetter - Oktober 2022 - Daten der Raddauerzählstellen München,csv,186,12,"InsightCard,MetricGrid,Histogram,DataTable",Show the distribution of richtung_1 in Daten der Raddauerzählstellen München 2022.
7.5,Daten der Raddauerzählstellen München 2022,Tageswerte und Wetter - November 2022 - Daten der Raddauerzählstellen München,csv,180,12,"InsightCard,MetricGrid,Histogram,DataTable",Show the distribution of richtung_1 in Daten der Raddauerzählstellen München 2022.
7.5,Daten der Raddauerzählstellen München 2022,Tageswerte und Wetter - Dezember 2022 - Daten der Raddauerzählstellen München,csv,186,12,"InsightCard,MetricGrid,Histogram,DataTable",Show the distribution of richtung_1 in Daten der Raddauerzählstellen München 2022.
7.5,Daten der Raddauerzählstellen München Juni 2017,Tageswerte und Wetter - Daten der Raddauerzählstellen München Juni 2017,csv,180,12,"InsightCard,MetricGrid,Histogram,DataTable",Show the distribution of richtung_1 in Daten der Raddauerzählstellen München Juni 2017.
7.5,Daten der Raddauerzählstellen München November 2021,Tageswerte und Wetter - Daten der Raddauerzählstellen München November 2021,csv,180,12,"InsightCard,MetricGrid,Histogram,DataTable",Show the distribution of richtung_1 in Daten der Raddauerzählstellen München November 2021.
7.5,Daten der Raddauerzählstellen München Juli 2018,Tageswerte und Wetter - Daten der Raddauerzählstellen München Juli 2018,csv,186,12,"InsightCard,MetricGrid,Histogram,DataTable",Show the distribution of richtung_1 in Daten der Raddauerzählstellen München Juli 2018.
7.5,Daten der Raddauerzählstellen München Januar 2020,Tageswerte und Wetter - Daten der Raddauerzählstellen München Januar 2020,csv,186,12,"InsightCard,MetricGrid,Histogram,DataTable",Show the distribution of richtung_1 in Daten der Raddauerzählstellen München Januar 2020.
7.5,Daten der Raddauerzählstellen München November 2017,Tageswerte und Wetter - Daten der Raddauerzählstellen München November 2017,csv,180,12,"InsightCard,MetricGrid,Histogram,DataTable",Show the distribution of richtung_1 in Daten der Raddauerzählstellen München November 2017.
7.5,Daten der Raddauerzählstellen München September 2017,Tageswerte und Wetter - Daten der Raddauerzählstellen München September 2017,csv,180,12,"InsightCard,MetricGrid,Histogram,DataTable",Show the distribution of richtung_1 in Daten der Raddauerzählstellen München September 2017.
7.5,Daten der Raddauerzählstellen München November 2020,Tageswerte und Wetter - Daten der Raddauerzählstellen München November 2020,csv,180,12,"InsightCard,MetricGrid,Histogram,DataTable",Show the distribution of richtung_1 in Daten der Raddauerzählstellen München November 2020.
7.5,Daten der Raddauerzählstellen München Januar 2019,Tageswerte und Wetter - Daten der Raddauerzählstellen München Januar 2019,csv,186,12,"InsightCard,MetricGrid,Histogram,DataTable",Show the distribution of richtung_1 in Daten der Raddauerzählstellen München Januar 2019.
7.5,Daten der Raddauerzählstellen München August 2017,Tageswerte und Wetter - Daten der Raddauerzählstellen München August 2017,csv,186,12,"InsightCard,MetricGrid,Histogram,DataTable",Show the distribution of richtung_1 in Daten der Raddauerzählstellen München August 2017.
7.5,Daten der Raddauerzählstellen München Dezember 2021,Tageswerte und Wetter - Daten der Raddauerzählstellen München Dezember 2021,csv,186,12,"InsightCard,MetricGrid,Histogram,DataTable",Show the distribution of richtung_1 in Daten der Raddauerzählstellen München Dezember 2021.
7.5,Oktoberfest,Oktoberfest Bierpreise in den Festzelten 2000 - 2024,csv,256,3,"InsightCard,MetricGrid,Histogram,DataTable",Show the distribution of preis in Oktoberfest.
7.5,Oktoberfest,Oktoberfest Speisen und Getränkepreise in den Festzelten 2018 - 2024,csv,115,3,"InsightCard,MetricGrid,Histogram,DataTable",Show the distribution of preis in Oktoberfest.
7.5,Daten der Raddauerzählstellen München Oktober 2019,Tageswerte und Wetter - Daten der Raddauerzählstellen München Oktober 2019,csv,186,12,"InsightCard,MetricGrid,Histogram,DataTable",Show the distribution of richtung_1 in Daten der Raddauerzählstellen München Oktober 2019.
7.5,Daten der Raddauerzählstellen München Mai 2020,Tageswerte und Wetter - Daten der Raddauerzählstellen München Mai 2020,csv,186,12,"InsightCard,MetricGrid,Histogram,DataTable",Show the distribution of richtung_1 in Daten der Raddauerzählstellen München Mai 2020.
7.5,Daten der Raddauerzählstellen München Mai 2017,Tageswerte und Wetter - Daten der Raddauerzählstellen München Mai 2017,csv,186,12,"InsightCard,MetricGrid,Histogram,DataTable",Show the distribution of richtung_1 in Daten der Raddauerzählstellen München Mai 2017.
7.5,Daten der Raddauerzählstellen München März 2021,Tageswerte und Wetter - Daten der Raddauerzählstellen München März 2021,csv,186,12,"InsightCard,MetricGrid,Histogram,DataTable",Show the distribution of richtung_1 in Daten der Raddauerzählstellen München März 2021.
7.5,Daten der Raddauerzählstellen München Februar 2017,Tageswerte und Wetter - Daten der Raddauerzählstellen München Februar 2017,csv,168,12,"InsightCard,MetricGrid,Histogram,DataTable",Show the distribution of richtung_1 in Daten der Raddauerzählstellen München Februar 2017.
7.5,Daten der Raddauerzählstellen München August 2021,Tageswerte und Wetter - Daten der Raddauerzählstellen München August 2021,csv,186,12,"InsightCard,MetricGrid,Histogram,DataTable",Show the distribution of richtung_1 in Daten der Raddauerzählstellen München August 2021.
7.5,Daten der Raddauerzählstellen München Dezember 2020,Tageswerte und Wetter - Daten der Raddauerzählstellen München Dezember 2020,csv,186,12,"InsightCard,MetricGrid,Histogram,DataTable",Show the distribution of richtung_1 in Daten der Raddauerzählstellen München Dezember 2020.
7.5,Daten der Raddauerzählstellen München Dezember 2017,Tageswerte und Wetter - Daten der Raddauerzählstellen München Dezember 2017,csv,186,12,"InsightCard,MetricGrid,Histogram,DataTable",Show the distribution of richtung_1 in Daten der Raddauerzählstellen München Dezember 2017.
7.5,Daten der Raddauerzählstellen München April 2018,Tageswerte und Wetter - Daten der Raddauerzählstellen München April 2018,csv,180,12,"InsightCard,MetricGrid,Histogram,DataTable",Show the distribution of richtung_1 in Daten der Raddauerzählstellen München April 2018.
7.5,Daten der Raddauerzählstellen München Juni 2019,Tageswerte und Wetter - Daten der Raddauerzählstellen München Juni 2019,csv,180,12,"InsightCard,MetricGrid,Histogram,DataTable",Show the distribution of richtung_1 in Daten der Raddauerzählstellen München Juni 2019.
7.5,Daten der Raddauerzählstellen München Oktober 2021,Tageswerte und Wetter - Daten der Raddauerzählstellen München Oktober 2021,csv,186,12,"InsightCard,MetricGrid,Histogram,DataTable",Show the distribution of richtung_1 in Daten der Raddauerzählstellen München Oktober 2021.
7.5,Daten der Raddauerzählstellen München April 2017,Tageswerte und Wetter - Daten der Raddauerzählstellen München April 2017,csv,180,12,"InsightCard,MetricGrid,Histogram,DataTable",Show the distribution of richtung_1 in Daten der Raddauerzählstellen München April 2017.
7.5,Daten der Raddauerzählstellen München April 2019,Tageswerte und Wetter - Daten der Raddauerzählstellen München April 2019,csv,180,12,"InsightCard,MetricGrid,Histogram,DataTable",Show the distribution of richtung_1 in Daten der Raddauerzählstellen München April 2019.
7.5,Daten der Raddauerzählstellen München Januar 2018,Tageswerte und Wetter - Daten der Raddauerzählstellen München Januar  2018,csv,186,12,"InsightCard,MetricGrid,Histogram,DataTable",Show the distribution of richtung_1 in Daten der Raddauerzählstellen München Januar 2018.
7.5,Daten der Raddauerzählstellen München Februar 2018,Tageswerte und Wetter - Daten der Raddauerzählstellen München Februar 2018,csv,168,12,"InsightCard,MetricGrid,Histogram,DataTable",Show the distribution of richtung_1 in Daten der Raddauerzählstellen München Februar 2018.
7.5,Daten der Raddauerzählstellen München Mai 2021,Tageswerte und Wetter - Daten der Raddauerzählstellen München Mai 2021,csv,186,12,"InsightCard,MetricGrid,Histogram,DataTable",Show the distribution of richtung_1 in Daten der Raddauerzählstellen München Mai 2021.
7.5,Daten der Raddauerzählstellen München Juli 2017,Tageswerte und Wetter - Daten der Raddauerzählstellen München Juli 2017,csv,186,12,"InsightCard,MetricGrid,Histogram,DataTable",Show the distribution of richtung_1 in Daten der Raddauerzählstellen München Juli 2017.
7.5,Daten der Raddauerzählstellen München Oktober 2018,Tageswerte und Wetter - Daten der Raddauerzählstellen München Oktober 2018,csv,186,12,"InsightCard,MetricGrid,Histogram,DataTable",Show the distribution of richtung_1 in Daten der Raddauerzählstellen München Oktober 2018.
7.5,Daten der Raddauerzählstellen München November 2019,Tageswerte und Wetter - Daten der Raddauerzählstellen München November 2019,csv,180,12,"InsightCard,MetricGrid,Histogram,DataTable",Show the distribution of richtung_1 in Daten der Raddauerzählstellen München November 2019.
7.5,Daten der Raddauerzählstellen München Dezember 2019,Tageswerte und Wetter - Daten der Raddauerzählstellen München Dezember 2019,csv,186,12,"InsightCard,MetricGrid,Histogram,DataTable",Show the distribution of richtung_1 in Daten der Raddauerzählstellen München Dezember 2019.
7.5,Daten der Raddauerzählstellen München Oktober 2020,Tageswerte und Wetter - Oktober 2020 - Daten der Raddauerzählstellen München,csv,186,12,"InsightCard,MetricGrid,Histogram,DataTable",Show the distribution of richtung_1 in Daten der Raddauerzählstellen München Oktober 2020.
7.5,Daten der Raddauerzählstellen München August 2018,Tageswerte und Wetter - Daten der Raddauerzählstellen München August 2018,csv,186,12,"InsightCard,MetricGrid,Histogram,DataTable",Show the distribution of richtung_1 in Daten der Raddauerzählstellen München August 2018.
7.5,Daten der Raddauerzählstellen München Dezember 2018,Tageswerte und Wetter - Daten der Raddauerzählstellen München Dezember 2018,csv,186,12,"InsightCard,MetricGrid,Histogram,DataTable",Show the distribution of richtung_1 in Daten der Raddauerzählstellen München Dezember 2018.
7.5,Daten der Raddauerzählstellen München Mai 2018,Tageswerte und Wetter - Daten der Raddauerzählstellen München Mai  2018,csv,186,12,"InsightCard,MetricGrid,Histogram,DataTable",Show the distribution of richtung_1 in Daten der Raddauerzählstellen München Mai 2018.
7.5,Daten der Raddauerzählstellen München Januar 2021,Tageswerte und Wetter - Daten der Raddauerzählstellen München Januar 2021,csv,186,12,"InsightCard,MetricGrid,Histogram,DataTable",Show the distribution of richtung_1 in Daten der Raddauerzählstellen München Januar 2021.
7.5,Daten der Raddauerzählstellen München Juli 2019,Tageswerte und Wetter - Daten der Raddauerzählstellen München Juli 2019,csv,186,12,"InsightCard,MetricGrid,Histogram,DataTable",Show the distribution of richtung_1 in Daten der Raddauerzählstellen München Juli 2019.
7.5,Daten der Raddauerzählstellen München Juni 2020,Tageswerte und Wetter - Daten der Raddauerzählstellen München Juni 2020,csv,180,12,"InsightCard,MetricGrid,Histogram,DataTable",Show the distribution of richtung_1 in Daten der Raddauerzählstellen München Juni 2020.
7.0,Wertstoffinseln in München,WFS (CSV),csv,860,10,"InsightCard,MetricGrid,BarChart,DataTable",Summarize Wertstoffinseln in München and compare glas_braun by url_glas.
7.0,Lichtsignalanlagen,WFS (CSV),csv,,8,"InsightCard,MetricGrid,BarChart,DataTable",Summarize Lichtsignalanlagen and compare abbau by zeb.
7.0,WC-Standorte der Landeshauptstadt München,WFS (CSV),csv,310,12,"InsightCard,MetricGrid,BarChart,DataTable",Summarize WC-Standorte der Landeshauptstadt München and compare plz by stadt.
7.0,"Laden, Liefern, Leisten",WFS (CSV),csv,561,9,"InsightCard,MetricGrid,BarChart,DataTable","Summarize Laden, Liefern, Leisten and compare status by status_bedeutung."
7.0,Standorte der Ladeinfrastruktur,WFS (CSV),csv,369,10,"InsightCard,MetricGrid,BarChart,DataTable",Summarize Standorte der Ladeinfrastruktur and compare anzahl_els by typ_bedeutung.
7.0,Fahrradparken mit Standardmaßen,WFS (CSV),csv,,12,"InsightCard,MetricGrid,BarChart,DataTable",Summarize Fahrradparken mit Standardmaßen and compare anzahl_stellplaetze by zusatzbeleuchtung.
7.0,Lastenradparken,WFS (CSV),csv,140,12,"InsightCard,MetricGrid,BarChart,DataTable",Summarize Lastenradparken and compare anzahl_stellplaetze by bike_and_ride.
7.0,Behindertenparkplätze,WFS (CSV),csv,549,12,"InsightCard,MetricGrid,BarChart,DataTable",Summarize Behindertenparkplätze and compare anzahl_stellplaetze by dauerhaft_verfuegbar.
7.0,Deckschichten (Opendata),WFS (CSV),csv,123,5,"InsightCard,MetricGrid,BarChart,DataTable",Summarize Deckschichten (Opendata) and compare area by mergel_bedeutung.
7.0,Haltestellenliste MVV,"MVV Haltestellenliste (CSV, 07.01.2026)",csv,11061,6,"InsightCard,MetricGrid,BarChart,DataTable",Summarize Haltestellenliste MVV and compare HstNummer by Ort.
7.0,Haltestellen mit Tarifzuordnung MVV,"MVV Tarifzonenzuordnung (CSV, 07.01.2026)",csv,9627,6,"InsightCard,MetricGrid,BarChart,DataTable",Summarize Haltestellen mit Tarifzuordnung MVV and compare Nummer by Ort.
7.0,Datensätze des Open Data Portals München,Liste aller Datensätze im Open Data Portal München,csv,334,12,"InsightCard,MetricGrid,BarChart,DataTable",Summarize Datensätze des Open Data Portals München and compare num_resources by license_title.
7.0,Vornamen von Nulljährigen München,Vornamen 2025,csv,4175,3,"InsightCard,MetricGrid,BarChart,DataTable",Summarize Vornamen von Nulljährigen München and compare anzahl by geschlecht.
7.0,Vornamen von Nulljährigen München,Vornamen 2024,csv,4290,3,"InsightCard,MetricGrid,BarChart,DataTable",Summarize Vornamen von Nulljährigen München and compare anzahl by geschlecht.
7.0,Vornamen von Nulljährigen München,Vornamen 2023,csv,4289,3,"InsightCard,MetricGrid,BarChart,DataTable",Summarize Vornamen von Nulljährigen München and compare anzahl by geschlecht.
7.0,Vornamen von Nulljährigen München,Vornamen 2022,csv,4390,3,"InsightCard,MetricGrid,BarChart,DataTable",Summarize Vornamen von Nulljährigen München and compare anzahl by geschlecht.
7.0,Vornamen von Nulljährigen München,Vornamen 2021,csv,4378,3,"InsightCard,MetricGrid,BarChart,DataTable",Summarize Vornamen von Nulljährigen München and compare anzahl by geschlecht.
7.0,Vornamen von Nulljährigen München,Vornamen 2020,csv,4342,3,"InsightCard,MetricGrid,BarChart,DataTable",Summarize Vornamen von Nulljährigen München and compare anzahl by geschlecht.
7.0,Vornamen von Nulljährigen München,Vornamen 2019,csv,4264,3,"InsightCard,MetricGrid,BarChart,DataTable",Summarize Vornamen von Nulljährigen München and compare anzahl by geschlecht.
7.0,Vornamen von Nulljährigen München,Vornamen 2018,csv,4183,3,"InsightCard,MetricGrid,BarChart,DataTable",Summarize Vornamen von Nulljährigen München and compare anzahl by geschlecht.
7.0,Vornamen von Nulljährigen München,Vornamen 2017,csv,4242,3,"InsightCard,MetricGrid,BarChart,DataTable",Summarize Vornamen von Nulljährigen München and compare anzahl by geschlecht.
7.0,Vornamen von Nulljährigen München,Vornamen 2016,csv,4309,3,"InsightCard,MetricGrid,BarChart,DataTable",Summarize Vornamen von Nulljährigen München and compare anzahl by geschlecht.
7.0,Vornamen von Nulljährigen München,Vornamen 2015,csv,3933,3,"InsightCard,MetricGrid,BarChart,DataTable",Summarize Vornamen von Nulljährigen München and compare anzahl by geschlecht.
7.0,Vornamen von Nulljährigen München,Vornamen 2014,csv,4032,3,"InsightCard,MetricGrid,BarChart,DataTable",Summarize Vornamen von Nulljährigen München and compare anzahl by geschlecht.
7.0,Vornamen von Nulljährigen München,Vornamen 2013,csv,4012,3,"InsightCard,MetricGrid,BarChart,DataTable",Summarize Vornamen von Nulljährigen München and compare anzahl by geschlecht.
7.0,Kindertagesbetreuungseinrichtungen in München,Kita-Einrichtungen,csv,1571,12,"InsightCard,MetricGrid,BarChart,DataTable",Summarize Kindertagesbetreuungseinrichtungen in München and compare Haus-nr. by Tragerschaft.
7.0,Müllsammelbehälter an der Isar,Müllsammelbehälter an der Isar,csv,171,7,"InsightCard,MetricGrid,BarChart,DataTable",Summarize Müllsammelbehälter an der Isar and compare code by unterhalt.
7.0,Hallensportprogramm,Hallensportprogramm 2025 - 2026,csv,121,12,"InsightCard,MetricGrid,BarChart,DataTable",Summarize Hallensportprogramm and compare hausnummer by wochentag.
7.0,Liste aller verfügbaren Onlinedienste der Landeshauptstadt München,Liste aller verfügbaren Onlinedienste Oktober 2025,csv,465,10,"InsightCard,MetricGrid,BarChart,DataTable",Summarize Liste aller verfügbaren Onlinedienste der Landeshauptstadt München and compare leika-key by ars-name.
7.0,Liste aller verfügbaren Onlinedienste der Landeshauptstadt München,Liste aller verfügbaren Onlinedienste Januar 2025,csv,259,7,"InsightCard,MetricGrid,BarChart,DataTable",Summarize Liste aller verfügbaren Onlinedienste der Landeshauptstadt München and compare leika-schluessel by eigentuemerbehoerde.
7.0,Liste aller verfügbaren Onlinedienste der Landeshauptstadt München,Liste aller verfügbaren Onlinedienste Juni 2024,csv,236,7,"InsightCard,MetricGrid,BarChart,DataTable",Summarize Liste aller verfügbaren Onlinedienste der Landeshauptstadt München and compare leika-schluessel by eigentuemerbehoerde.
7.0,Liste aller verfügbaren Onlinedienste der Landeshauptstadt München,Liste aller verfügbaren Onlinedienste Januar 2024,csv,221,7,"InsightCard,MetricGrid,BarChart,DataTable",Summarize Liste aller verfügbaren Onlinedienste der Landeshauptstadt München and compare Leika-Schlussel by Eigentumerbehorde.
7.0,Daten der Raddauerzählstellen München 2024,15 Minuten-Werte - Oktober 2024 - Daten der Raddauerzählstellen München,csv,8927,7,"InsightCard,MetricGrid,BarChart,DataTable",Summarize Daten der Raddauerzählstellen München 2024 and compare 2 by Arnulf.
7.0,Bundestagswahl 2025 - Wahlräume in München,Wahlräume Bundestagswahl 2025,csv,470,12,"InsightCard,MetricGrid,BarChart,DataTable",Summarize Bundestagswahl 2025 - Wahlräume in München and compare WBZ by BARRIEREFREIHEIT.
7.0,WLAN-Standorte LH München,WLAN Standorte LHM Gebäude,csv,421,6,"InsightCard,MetricGrid,BarChart,DataTable",Summarize WLAN-Standorte LH München and compare anzahl by anbieter.
7.0,WLAN-Standorte LH München,WLAN Öffentliche Plätze München,csv,147,6,"InsightCard,MetricGrid,BarChart,DataTable",Summarize WLAN-Standorte LH München and compare anzahl by ort.
7.0,Landtagswahl 2023 - Wahlräume in München,Wahlräume Landtagswahl 2023,csv,509,12,"InsightCard,MetricGrid,BarChart,DataTable",Summarize Landtagswahl 2023 - Wahlräume in München and compare OBJECTID by BARRIEREFREIHEIT.
7.0,Öffentliche Spielplätze München,Öffentliche Spielplätze in München,csv,824,12,"InsightCard,MetricGrid,BarChart,DataTable",Summarize Öffentliche Spielplätze München and compare ADDRESS.ID by Weitere Informationen.
6.75,Bestattungen und Beisetzungen städtische Friedhöfe München,Bestattungen und Beisetzungen städtische Friedhöfe München,csv,6,7,"InsightCard,MetricGrid,Histogram,DataTable",Show the distribution of bestattungen in Bestattungen und Beisetzungen städtische Friedhöfe München.
6.75,Aktuelle Stadtratsanträge und Stadtratsanfragen, StR-Anträge / StR-Anfragen - RSS-Feed,xml,28,12,"InsightCard,MetricGrid,BarChart,DataTable",Summarize Aktuelle Stadtratsanträge und Stadtratsanfragen and compare version by channel.title.
6.75,Aktuelle Bezirksausschuss-Anträge,BA-Anträge - RSS-Feed,xml,3,12,"InsightCard,MetricGrid,BarChart,DataTable",Summarize Aktuelle Bezirksausschuss-Anträge and compare version by title.
6.75,Bezirksausschuss Sitzungen,BA-Sitzungen - RSS-Feed,xml,21,12,"InsightCard,MetricGrid,BarChart,DataTable",Summarize Bezirksausschuss Sitzungen and compare version by channel.title.
6.75,"Bilanzsumme, Eigenkapital und Eigenkapital-Quote LHM","Bilanzsumme, Eigenkapital und Eigenkapital-Quote LHM ",csv,16,4,"InsightCard,MetricGrid,Histogram,DataTable","Show the distribution of bilanzsumme in Bilanzsumme, Eigenkapital und Eigenkapital-Quote LHM."
6.75,"Kernbeschäftigte nach Altersgruppen, Statusgruppen und Geschlecht - Landeshauptstadt München","Kernbeschäftigte der Landeshauptstadt München nach Altersgruppen, Statusgruppen und Geschlecht",csv,33,6,"InsightCard,MetricGrid,Histogram,DataTable","Show the distribution of beamtet_weiblich in Kernbeschäftigte nach Altersgruppen, Statusgruppen und Geschlecht - Landeshauptstadt München."
6.75,Nichtdeutsche Gesamtbeschäftigte der Landeshauptstadt München nach Staatsangehörigkeit,Nichtdeutsche Gesamtbeschäftigte der Landeshauptstadt München nach Staatsangehörigkeit,csv,66,5,"InsightCard,MetricGrid,Histogram,DataTable",Show the distribution of nichtdeutsche_gesamtbeschaeftigte in Nichtdeutsche Gesamtbeschäftigte der Landeshauptstadt München nach Staatsangehörigkeit.
6.75,Aktiv Beschäftigte der Landeshauptstadt München,Aktiv Beschäftigte der Landeshauptstadt München,csv,8,5,"InsightCard,MetricGrid,Histogram,DataTable",Show the distribution of insgesamt in Aktiv Beschäftigte der Landeshauptstadt München.
6.75,"Kernbeschäftigte nach Altersgruppen, Arbeitszeit und Geschlecht - Landeshauptstadt München","Kernbeschäftigte der Landeshauptstadt München nach Altersgruppen, Arbeitszeit und Geschlecht",csv,33,6,"InsightCard,MetricGrid,Histogram,DataTable","Show the distribution of vollzeit_weiblich in Kernbeschäftigte nach Altersgruppen, Arbeitszeit und Geschlecht - Landeshauptstadt München."
6.75,Personalstand der Landeshauptstadt München,Personalstand der Landeshauptstadt München nach Beschäftigtengruppen,csv,8,6,"InsightCard,MetricGrid,Histogram,DataTable",Show the distribution of gesamt_beschaeftigte in Personalstand der Landeshauptstadt München.
6.75,Besucher*innen und Veranstaltungen Gasteig HP8 München,Besucher*innen und Veranstaltungszahlen Gasteig HP8 München,csv,16,4,"InsightCard,MetricGrid,Histogram,DataTable",Show the distribution of Anzahl Veranstaltungen in Besucher*innen und Veranstaltungen Gasteig HP8 München.
6.75,Daten Tierpark Hellabrunn,Daten Tierpark Hellabrunn,csv,17,5,"InsightCard,MetricGrid,Histogram,DataTable",Show the distribution of Tierarten in Daten Tierpark Hellabrunn.
6.75,Oktoberfest,Oktoberfest 1985 - 2024,csv,38,8,"InsightCard,MetricGrid,Histogram,DataTable",Show the distribution of dauer in Oktoberfest.
6.75,Oktoberfest,Oktoberfest Bierkonsum 1985 - 2024,csv,38,5,"InsightCard,MetricGrid,Histogram,DataTable",Show the distribution of dauer in Oktoberfest.
6.75,Oktoberfest,Oktoberfest Besucherinnen und Besucher 1985 - 2024,csv,38,4,"InsightCard,MetricGrid,Histogram,DataTable",Show the distribution of dauer in Oktoberfest.
6.75,Die Bevölkerung seit 1900,Die Bevölkerung seit 1900 ,csv,60,6,"InsightCard,MetricGrid,Histogram,DataTable",Show the distribution of einwohner_Insgesamt in Die Bevölkerung seit 1900.
6.75,Geburten in der München Klinik gGmbH,Geburten in der München Klinik gGmbH,csv,8,7,"InsightCard,MetricGrid,Histogram,DataTable",Show the distribution of neugeborene_in_muenchen in Geburten in der München Klinik gGmbH.
6.75,Ausgewählte Kennzahlen Münchner Stadtentwässerung,Ausgewählte Kennzahlen Münchner Stadtentwässerung,csv,9,4,"InsightCard,MetricGrid,Histogram,DataTable",Show the distribution of behandelte_jahresabwassermenge in Ausgewählte Kennzahlen Münchner Stadtentwässerung.
6.5,Fahrverbotszonen für E-Tretroller,WFS (GML),xml,498,12,"InsightCard,MetricGrid,Histogram,DataTable",Show the distribution of ruhver_mim_fahrverbot_ts.objectid in Fahrverbotszonen für E-Tretroller.
6.5,Allgemeine Carsharing-Parkplätze,WFS (GML),xml,,12,"InsightCard,MetricGrid,Histogram,DataTable",Show the distribution of ruhver_carsharing.objectid in Allgemeine Carsharing-Parkplätze.
6.5,Abstellflächen für E-Tretroller,WFS (GML),xml,,12,"InsightCard,MetricGrid,Histogram,DataTable",Show the distribution of ruhver_mim_abstellfl_ts.objectid in Abstellflächen für E-Tretroller.
6.5,Lastenradsharing Abstellflächen,WFS (GML),xml,,12,"InsightCard,MetricGrid,Histogram,DataTable",Show the distribution of ruhver_mim_abstellfl_ls.objectid in Lastenradsharing Abstellflächen.
6.5,Stationsbasierte Carsharing-Parkplätze,WFS (GML),xml,,12,"InsightCard,MetricGrid,Histogram,DataTable",Show the distribution of ruhver_carsharing_station.objectid in Stationsbasierte Carsharing-Parkplätze.
6.5,Geofences für E-Tretroller,WFS (GML),xml,,12,"InsightCard,MetricGrid,Histogram,DataTable",Show the distribution of ruhver_mim_geofences_poly.objectid in Geofences für E-Tretroller.
6.5,Abstellverbotszonen für E-Tretroller,WFS (GML),xml,,12,"InsightCard,MetricGrid,Histogram,DataTable",Show the distribution of ruhver_mim_abstellverbot_ts.objectid in Abstellverbotszonen für E-Tretroller.
6.5,Abstellflächen für E-Motorroller,WFS (GML),xml,,12,"InsightCard,MetricGrid,Histogram,DataTable",Show the distribution of ruhver_mim_abstellfl_ms.objectid in Abstellflächen für E-Motorroller.
6.5,Abstellverbotszonen für Bikesharing,WFS (GML),xml,694,12,"InsightCard,MetricGrid,Histogram,DataTable",Show the distribution of ruhver_mim_abstellverbot_bs.objectid in Abstellverbotszonen für Bikesharing.
6.5,Abstellflächen für Bikesharing,WFS (GML),xml,,12,"InsightCard,MetricGrid,Histogram,DataTable",Show the distribution of ruhver_mim_abstellfl_bs.objectid in Abstellflächen für Bikesharing.
6.5,Radlstadtplan (Verkehrsberuhigter Bereich / Tempo-30-Zone),WFS (GML),xml,,12,"InsightCard,MetricGrid,Histogram,DataTable",Show the distribution of rad_rsp_tempo30zone_poly.status in Radlstadtplan (Verkehrsberuhigter Bereich / Tempo-30-Zone).
6.5,Stationsbasierte Carsharing-Parkplätze,WFS (GML),xml,,12,"InsightCard,MetricGrid,Histogram,DataTable",Show the distribution of ruhver_carsharing_station.objectid in Stationsbasierte Carsharing-Parkplätze.
6.5,Allgemeine Carsharing-Parkplätze,WFS (GML),xml,,12,"InsightCard,MetricGrid,Histogram,DataTable",Show the distribution of ruhver_carsharing.objectid in Allgemeine Carsharing-Parkplätze.
6.5,Daten der Raddauerzählstellen München - Jahreszahlen,15 Minuten Werte 2021,csv,210240,8,"InsightCard,DataTable",Create a compact OpenUI summary for 15 Minuten Werte 2021 from Daten der Raddauerzählstellen München - Jahreszahlen.
6.25,Vollstationäre Pflegeeinrichtungen,WFS (CSV),csv,54,12,"InsightCard,MetricGrid,BarChart,DataTable",Summarize Vollstationäre Pflegeeinrichtungen and compare objectid by za4.
6.25,Paketboxen,WFS (CSV),csv,15,12,"InsightCard,MetricGrid,BarChart,DataTable",Summarize Paketboxen and compare objectid by betreiber.
6.25,Märkte der Landeshauptstadt München,WFS (CSV),csv,54,11,"InsightCard,MetricGrid,BarChart,DataTable",Summarize Märkte der Landeshauptstadt München and compare ebene by name.
6.25,Alten- und Servicezentrum,WFS (CSV),csv,34,12,"InsightCard,MetricGrid,BarChart,DataTable",Summarize Alten- und Servicezentrum and compare za3 by za4.
6.25,Barrierefreie Container für Altglas,WFS (CSV),csv,4,7,"InsightCard,MetricGrid,BarChart,DataTable",Summarize Barrierefreie Container für Altglas and compare glas_braun by adresse.
6.25,Nachbarschaftstreffs,WFS (CSV),csv,61,5,"InsightCard,MetricGrid,BarChart,DataTable",Summarize Nachbarschaftstreffs and compare objectid by za4.
6.25,Blindenleitsystem Altstadt – Fußgängerzone,WFS (CSV),csv,32,6,"InsightCard,MetricGrid,BarChart,DataTable",Summarize Blindenleitsystem Altstadt – Fußgängerzone and compare breite_cm by art.
6.25,Digitale 3L-Zonen,WFS (CSV),csv,71,5,"InsightCard,MetricGrid,BarChart,DataTable",Summarize Digitale 3L-Zonen and compare angebot by parkregel_beschreibung.
6.25,Radschnellverbindungen,WFS (CSV),csv,12,10,"InsightCard,MetricGrid,BarChart,DataTable",Summarize Radschnellverbindungen and compare link_folien by link_infoseite.
6.25,Grüne Welle Radverkehr,WFS (CSV),csv,5,9,"InsightCard,MetricGrid,BarChart,DataTable",Summarize Grüne Welle Radverkehr and compare laenge_m by beginn.
6.25,Raddauerzählstellen,WFS (CSV),csv,6,12,"InsightCard,MetricGrid,BarChart,DataTable",Summarize Raddauerzählstellen and compare gesamt_sum_2025 by richtung_1.
6.25,Altstadt-Radlring,WFS (CSV),csv,16,9,"InsightCard,MetricGrid,BarChart,DataTable",Summarize Altstadt-Radlring and compare link_pdf by sachstand.
6.25,Gefahrenstellen,WFS (CSV),csv,19,6,"InsightCard,MetricGrid,BarChart,DataTable",Summarize Gefahrenstellen and compare x_coord by betrifft.
6.25,Borkenkäfer Quarantänezonen,WFS (CSV),csv,3,10,"InsightCard,MetricGrid,BarChart,DataTable",Summarize Borkenkäfer Quarantänezonen and compare objectid by gebiet_name.
6.25,Projekte des Münchner Beschäftigungs- und Qualifizierungsprogramms (MBQ),Liste der MBQ-Projekte,csv,77,10,"InsightCard,MetricGrid,BarChart,DataTable",Summarize Projekte des Münchner Beschäftigungs- und Qualifizierungsprogramms (MBQ) and compare plz by foerdergruppe.
6.25,Liste städtische Friedhöfe München,Liste städtische Friedhöfe München,csv,29,11,"InsightCard,MetricGrid,BarChart,DataTable",Summarize Liste städtische Friedhöfe München and compare plz by bestattungsbetrieb.
6.25,Parkhäuser München,Parkhäuser München CSV,csv,72,12,"InsightCard,MetricGrid,BarChart,DataTable",Summarize Parkhäuser München and compare places__streetNumber by places__media__listPictureUrl.
6.25,Preise und Stipendien,Preise und Stipendien,csv,42,6,"InsightCard,MetricGrid,BarChart,DataTable",Summarize Preise und Stipendien and compare dotierung in euro by art.
6.25,Städtische Kultureinrichtungen,Liste städtischer Kultureinrichtungen,csv,53,9,"InsightCard,MetricGrid,BarChart,DataTable",Summarize Städtische Kultureinrichtungen and compare hausnummer by ort.
6.25,Schwimmbäder in München,Schwimmbäder in München,csv,15,12,"InsightCard,MetricGrid,BarChart,DataTable",Summarize Schwimmbäder in München and compare plz by sauna_vorhanden.
6.25,Tierbestandsliste Tierpark Hellabrunn,Tierbestand Wirbellose 2024,csv,9,5,"InsightCard,MetricGrid,BarChart,DataTable",Summarize Tierbestandsliste Tierpark Hellabrunn and compare arten by ordnung.
6.25,Tierbestandsliste Tierpark Hellabrunn,Tierbestand Wirbellose 2023,csv,11,5,"InsightCard,MetricGrid,BarChart,DataTable",Summarize Tierbestandsliste Tierpark Hellabrunn and compare anzahl by ordnung.
6.25,Stadtgüter Stadt München,Liste Stadtgüter Stadt München,csv,10,10,"InsightCard,MetricGrid,BarChart,DataTable",Summarize Stadtgüter Stadt München and compare betriebsflaeche_(hektar) by zertifizierungen.
6.25,B + R Anlagen,B+R Anlagen Übersicht,csv,34,8,"InsightCard,MetricGrid,BarChart,DataTable",Summarize B + R Anlagen and compare abstellplaetze by bauform.
6.25,Standortliste der Münchner Stadtbibliothek,MSB Standortliste - Version 2 vom 02.06.2025,csv,26,12,"InsightCard,MetricGrid,BarChart,DataTable",Summarize Standortliste der Münchner Stadtbibliothek and compare bib_plz by bib_type.
6.25,P+R Anlagen München,Übersicht P+R Anlagen,csv,34,12,"InsightCard,MetricGrid,BarChart,DataTable",Summarize P+R Anlagen München and compare stellplaetze_gesamt by bauform.
6.0,Märkte der Landeshauptstadt München,WFS (GML),xml,218,12,"InsightCard,MetricGrid,BarChart,DataTable",Summarize Märkte der Landeshauptstadt München and compare maerkte.ebene by maerkte.name.
6.0,Lichtsignalanlagen,WFS (GML),xml,,12,"InsightCard,MetricGrid,BarChart,DataTable",Summarize Lichtsignalanlagen and compare featureMember.lsa_opendata.abbau by lsa_opendata.zeb.
6.0,Nachbarschaftstreffs,WFS (GML),xml,185,12,"InsightCard,MetricGrid,BarChart,DataTable",Summarize Nachbarschaftstreffs and compare objectid by za4.
6.0,Straßennetzgraf Baureferat Tiefbau,WFS (CSV),csv,,4,"InsightCard,MetricGrid,Histogram,DataTable",Show the distribution of nr in Straßennetzgraf Baureferat Tiefbau.
6.0,Parkseiten,WFS (CSV),csv,,8,"InsightCard,MetricGrid,Histogram,DataTable",Show the distribution of angebot in Parkseiten.
6.0,"Laden, Liefern, Leisten",WFS (GML),xml,,12,"InsightCard,MetricGrid,BarChart,DataTable","Summarize Laden, Liefern, Leisten and compare ruhver_laden_liefern_line.status by ruhver_laden_liefern_line.status_bedeutung."
6.0,Ladeeinrichtungen,WFS (CSV),csv,592,7,"InsightCard,MetricGrid,Histogram,DataTable",Show the distribution of anzahl_lp_ac in Ladeeinrichtungen.
6.0,Umweltzone - Verkehrszeichen,WFS (GML),xml,754,12,"InsightCard,MetricGrid,BarChart,DataTable",Summarize Umweltzone - Verkehrszeichen and compare drehung by srsName.
6.0,Umweltzone - Verkehrszeichen,WFS (CSV),csv,188,3,"InsightCard,MetricGrid,Histogram,DataTable",Show the distribution of drehung in Umweltzone - Verkehrszeichen.
6.0,Standorte der Ladeinfrastruktur,WFS (GML),xml,,12,"InsightCard,MetricGrid,BarChart,DataTable",Summarize Standorte der Ladeinfrastruktur and compare anzahl_els by kat_ladegeschwindigkeit.
6.0,Digitale 3L-Zonen,WFS (GML),xml,286,12,"InsightCard,MetricGrid,BarChart,DataTable",Summarize Digitale 3L-Zonen and compare digitale_3l_zonen.angebot by digitale_3l_zonen.parkregel_beschreibung.
6.0,Fahrradparken mit Standardmaßen,WFS (GML),xml,,12,"InsightCard,MetricGrid,BarChart,DataTable",Summarize Fahrradparken mit Standardmaßen and compare ruhver_fahrradparken_line.anzahl_stellplaetze by ruhver_fahrradparken_line.zusatzbeleuchtung.
6.0,Lastenradparken,WFS (GML),xml,844,12,"InsightCard,MetricGrid,BarChart,DataTable",Summarize Lastenradparken and compare ruhver_lastenradparken_line.anzahl_stellplaetze by ruhver_lastenradparken_line.bike_and_ride.
6.0,Behindertenparkplätze,WFS (GML),xml,,12,"InsightCard,MetricGrid,BarChart,DataTable",Summarize Behindertenparkplätze and compare behindertenparkplaetze.anzahl_stellplaetze by behindertenparkplaetze.dauerhaft_verfuegbar.
6.0,Radentscheidmaßnahmen,WFS (GML),xml,328,12,"InsightCard,MetricGrid,BarChart,DataTable",Summarize Radentscheidmaßnahmen and compare MultiLineString.srsDimension by sachstand.
6.0,Fahrradstraßen,WFS (CSV),csv,104,5,"InsightCard,MetricGrid,Histogram,DataTable",Show the distribution of laenge_5m in Fahrradstraßen.
6.0,Radlstadtplan (Radfahren entgegen Einbahnstraße erlaubt),WFS (GML),xml,,12,"InsightCard,MetricGrid,BarChart,DataTable",Summarize Radlstadtplan (Radfahren entgegen Einbahnstraße erlaubt) and compare rad_rsp_rad_freig_einbahn_poly.status by Polygon.innerBoundaryIs.LinearRing.coordinates.
6.0,Radlstadtplan (Fahrradstraßen),WFS (GML),xml,554,12,"InsightCard,MetricGrid,BarChart,DataTable",Summarize Radlstadtplan (Fahrradstraßen) and compare rad_rsp_fahrradstrasse_poly.status by rad_rsp_fahrradstrasse_poly.anmerkung.
6.0,Baden in der Isar,WFS (GML),xml,290,12,"InsightCard,MetricGrid,BarChart,DataTable",Summarize Baden in der Isar and compare MultiSurface.srsDimension by badeverbot.
6.0,Lage der Höhenfestpunkte innerhalb der Landeshauptstadt München,WFS (CSV),csv,,3,"InsightCard,MetricGrid,Histogram,DataTable",Show the distribution of objectid in Lage der Höhenfestpunkte innerhalb der Landeshauptstadt München.
6.0,Kehrbezirke,WFS (CSV),csv,175,4,"InsightCard,MetricGrid,Histogram,DataTable",Show the distribution of flaeche in Kehrbezirke.
6.0,Bootfahren in der Isar,WFS (GML),xml,272,12,"InsightCard,MetricGrid,BarChart,DataTable",Summarize Bootfahren in der Isar and compare MultiSurface.srsDimension by fahrverbot.
6.0,Bezirksteil,WFS (CSV),csv,110,3,"InsightCard,MetricGrid,Histogram,DataTable",Show the distribution of bt_nummer in Bezirksteil.
6.0,"Flächen von Bebauungsplänen, Bebauungsplänen in Aufstellung, Außenbereichssatzungen und Umlegungsgebieten",WFS (GML),xml,,12,"InsightCard,MetricGrid,BarChart,DataTable","Summarize Flächen von Bebauungsplänen, Bebauungsplänen in Aufstellung, Außenbereichssatzungen und Umlegungsgebieten and compare vagrund_baug_umgriff_opendata.objectid by Polygon.innerBoundaryIs.LinearRing.coordinates."
6.0,"Flächen von Bebauungsplänen, Bebauungsplänen in Aufstellung, Außenbereichssatzungen und Umlegungsgebieten",WFS (CSV),csv,,4,"InsightCard,MetricGrid,Histogram,DataTable","Show the distribution of objectid in Flächen von Bebauungsplänen, Bebauungsplänen in Aufstellung, Außenbereichssatzungen und Umlegungsgebieten."
6.0,Stadtviertel München,WFS (CSV),csv,477,6,"InsightCard,MetricGrid,Histogram,DataTable",Show the distribution of objectid in Stadtviertel München.
6.0,Datensätze des Open Data Portals München (DCATAP.de),CKAN_LHM.xml - Version 44 - 09.06.2026,xml,,12,"InsightCard,MetricGrid,BarChart,DataTable",Summarize Datensätze des Open Data Portals München (DCATAP.de) and compare Distribution.byteSize by publisher.Organization.{http://www.w3.org/1999/02/22-rdf-syntax-ns#}about.
6.0,Linienliste MVV,"MVV Linienliste (CSV, 07.01.2026)",csv,958,3,"InsightCard,MetricGrid,Histogram,DataTable",Show the distribution of BRANCH_NR in Linienliste MVV.
6.0,Fernzugriffsberechtigungen,Fernzugriffe,csv,1054,4,"InsightCard,MetricGrid,Histogram,DataTable",Show the distribution of fernzugriffe in Fernzugriffsberechtigungen.
6.0,Bibliothekskennzahlen der Münchner Stadtbibliothek - Besucherzahlen,Bibliothekskennzahlen der Münchner Stadtbibliothek - Besucherzahlen,csv,522,4,"InsightCard,MetricGrid,Histogram,DataTable",Show the distribution of bibliothekssigel in Bibliothekskennzahlen der Münchner Stadtbibliothek - Besucherzahlen.
6.0,Bundestagswahlen 2013 - Ergebnisse München,Bundestagswahl 2013 Erststimmen nach Wahlbezirken (STAT. Amt),csv,941,12,"InsightCard,MetricGrid,Histogram,DataTable",Show the distribution of gebietsnummer in Bundestagswahlen 2013 - Ergebnisse München.
6.0,Bundestagswahlen 2013 - Ergebnisse München,Bundestagswahl 2013 Zweitstimmen nach Wahlbezirken,csv,941,12,"InsightCard,MetricGrid,Histogram,DataTable",Show the distribution of gebietsnummer in Bundestagswahlen 2013 - Ergebnisse München.
6.0,Tierbestandsliste Tierpark Hellabrunn,Veränderungen im Tierbestand 2024,csv,201,12,"InsightCard,MetricGrid,Histogram,DataTable",Show the distribution of bestand2023_m in Tierbestandsliste Tierpark Hellabrunn.
6.0,Tierbestandsliste Tierpark Hellabrunn,Veränderungen im Tierbestand 2023,csv,190,12,"InsightCard,MetricGrid,Histogram,DataTable",Show the distribution of bestand2022_m in Tierbestandsliste Tierpark Hellabrunn.
6.0,Bevölkerung Stadtbezirksteile München,Hauptwohnsitzbevölkerung Stadtbezirksteile,csv,108,3,"InsightCard,MetricGrid,Histogram,DataTable",Show the distribution of Bezirksteilnummer in Bevölkerung Stadtbezirksteile München.
6.0,Radverkehrsanlagen im Straßenunterhalt der Landeshauptstadt München,Radwege CSV-Datei,csv,21172,7,"InsightCard,MetricGrid,Histogram,DataTable",Show the distribution of START_X in Radverkehrsanlagen im Straßenunterhalt der Landeshauptstadt München.
6.0,Bibliothekskennzahlen der Münchner Stadtbibliothek - Bestand,Bibliothekskennzahlen der Münchner Stadtbibliothek - Bestand,csv,540,4,"InsightCard,MetricGrid,Histogram,DataTable",Show the distribution of bibliothekssigel in Bibliothekskennzahlen der Münchner Stadtbibliothek - Bestand.
6.0,Bundestagswahlen 2017 - Ergebnisse München,Bundestagswahl 2017 Zweitstimmen nach Wahlbezirken,csv,944,12,"InsightCard,MetricGrid,Histogram,DataTable",Show the distribution of Gebietsnummer in Bundestagswahlen 2017 - Ergebnisse München.
6.0,Bibliothekskennzahlen der Münchner Stadtbibliothek - Entleihungen,Bibliothekskennzahlen der Münchner Stadtbibliothek - Entleihungen,csv,540,4,"InsightCard,MetricGrid,Histogram,DataTable",Show the distribution of bibliothekssigel in Bibliothekskennzahlen der Münchner Stadtbibliothek - Entleihungen.
5.75,Schuldenstand Hoheitshaushalt LHM,Schuldenstand Hoheitshaushalt LHM,csv,51,2,"InsightCard,MetricGrid,Histogram,DataTable",Show the distribution of ist_in_mio_euro in Schuldenstand Hoheitshaushalt LHM.
5.75,"Pro-Kopf-Verschuldung LHM, Hoheitshaushalt",Pro Kopf Verschuldung,csv,51,2,"InsightCard,MetricGrid,Histogram,DataTable","Show the distribution of schulden_in_euro_je_einwohner-in in Pro-Kopf-Verschuldung LHM, Hoheitshaushalt."
5.75,Kleiner Waffenschein,Anzahl Kleiner Waffenschein,csv,12,2,"InsightCard,MetricGrid,Histogram,DataTable",Show the distribution of anzahl in Kleiner Waffenschein.
5.75,Bürgerversammlungen - Termine,Liste Bürgerversammlungen 2026,csv,29,10,"InsightCard,DataTable",Create a compact OpenUI summary for Liste Bürgerversammlungen 2026 from Bürgerversammlungen - Termine.
5.75,Oktoberfest,Oktoberfest Bierpreise 1985 - 2024,csv,38,2,"InsightCard,MetricGrid,Histogram,DataTable",Show the distribution of bier_preis in Oktoberfest.
5.5,Informationen zu Straßennamen,WFS (GML),xml,,12,"InsightCard,DataTable",Create a compact OpenUI summary for WFS (GML) from Informationen zu Straßennamen.
5.25,"Anlagen zur Lagerung und Behandlung von Autowracks, Schrotten und Metallen (Opendata)",WFS (CSV),csv,38,12,"InsightCard,MetricGrid,Histogram,DataTable","Show the distribution of strnr in Anlagen zur Lagerung und Behandlung von Autowracks, Schrotten und Metallen (Opendata)."
5.25,Sonstige Abfallentsorgungsanlagen (Opendata),WFS (CSV),csv,38,12,"InsightCard,MetricGrid,Histogram,DataTable",Show the distribution of strnr in Sonstige Abfallentsorgungsanlagen (Opendata).
5.25,Abfallentsorgungsanlagen der Landeshauptstadt München,WFS (CSV),csv,38,12,"InsightCard,MetricGrid,Histogram,DataTable",Show the distribution of strnr in Abfallentsorgungsanlagen der Landeshauptstadt München.
5.25,Anlagen zur Lagerung und Behandlung von Elektronikschrott (Opendata),WFS (CSV),csv,38,12,"InsightCard,MetricGrid,Histogram,DataTable",Show the distribution of strnr in Anlagen zur Lagerung und Behandlung von Elektronikschrott (Opendata).
5.25,"Anlagen zur Lagerung und Behandlung von Kompost, Biomüll und Erden (Opendata)",WFS (CSV),csv,38,12,"InsightCard,MetricGrid,Histogram,DataTable","Show the distribution of strnr in Anlagen zur Lagerung und Behandlung von Kompost, Biomüll und Erden (Opendata)."
5.25,Sozialbürgerhaus,WFS (CSV),csv,12,12,"InsightCard,MetricGrid,Histogram,DataTable",Show the distribution of objectid in Sozialbürgerhaus.
5.25,Anlagen zur Sortierung von Baustellen- und Gewerbemischabfällen (Opendata),WFS (CSV),csv,38,12,"InsightCard,MetricGrid,Histogram,DataTable",Show the distribution of strnr in Anlagen zur Sortierung von Baustellen- und Gewerbemischabfällen (Opendata).
5.25,Paketboxen,WFS (GML),xml,92,12,"InsightCard,MetricGrid,BarChart,DataTable",Summarize Paketboxen and compare paketboxen.objectid by paketboxen.betreiber.
5.25,Anlagen zur Lagerung und Behandlung von Altpapier (Opendata),WFS (CSV),csv,38,12,"InsightCard,MetricGrid,Histogram,DataTable",Show the distribution of strnr in Anlagen zur Lagerung und Behandlung von Altpapier (Opendata).
5.25,Raddauerzählstellen,WFS (GML),xml,26,12,"InsightCard,MetricGrid,BarChart,DataTable",Summarize Raddauerzählstellen and compare raddauerzaehlstellen.gesamt_sum_2025 by raddauerzaehlstellen.richtung_1.
5.25,Gefahrenstellen,WFS (GML),xml,59,12,"InsightCard,MetricGrid,BarChart,DataTable",Summarize Gefahrenstellen and compare x_coord by betrifft.
5.25,Stadtbezirke,WFS (CSV),csv,27,4,"InsightCard,MetricGrid,Histogram,DataTable",Show the distribution of sb_nummer in Stadtbezirke.
5.25,Termine der Vollversammlung des Münchner Stadtrats,Sitzungstermine Vollversammlung - RSS-Feed,xml,8,12,"InsightCard,MetricGrid,BarChart,DataTable",Summarize Termine der Vollversammlung des Münchner Stadtrats and compare version by channel.title.
5.25,Tierbestandsliste Tierpark Hellabrunn,Tierbestand Fischarten 2024,csv,29,3,"InsightCard,MetricGrid,Histogram,DataTable",Show the distribution of arten in Tierbestandsliste Tierpark Hellabrunn.
5.25,Tierbestandsliste Tierpark Hellabrunn,Tierbestand Fischarten 2023,csv,28,3,"InsightCard,MetricGrid,Histogram,DataTable",Show the distribution of anzahl in Tierbestandsliste Tierpark Hellabrunn.
5.25,Privathaushalte in den Stadtbezirken,Privathaushalte 2024 in den Stadtbezirken,csv,25,8,"InsightCard,MetricGrid,Histogram,DataTable",Show the distribution of stadtbezirksnummer in Privathaushalte in den Stadtbezirken.
5.25,Privathaushalte in den Stadtbezirken,Privathaushalte 2013 in den Stadtbezirken,csv,26,8,"InsightCard,MetricGrid,Histogram,DataTable",Show the distribution of haushalte_zusammen in Privathaushalte in den Stadtbezirken.
5.25,Ratschbankerl in München,Liste der Ratschbankerl,csv,25,7,"InsightCard,MetricGrid,Histogram,DataTable",Show the distribution of stadtbezirk-nr in Ratschbankerl in München.
5.25,Schulen und Schüler*innenzahlen in München,Schulen und Schüler*innenzahlen Schuljahr 2024/25,csv,15,5,"InsightCard,MetricGrid,Histogram,DataTable",Show the distribution of Anzahl_staedtischer_Schulen in Schulen und Schüler*innenzahlen in München.
5.25,Schulen und Schüler*innenzahlen in München,Schulen und Schüler*innenzahlen Schuljahr 2023/24,csv,15,5,"InsightCard,MetricGrid,Histogram,DataTable",Show the distribution of Anzahl_staedtischer_Schulen in Schulen und Schüler*innenzahlen in München.
5.25,Schulen und Schüler*innenzahlen in München,Schulen und Schüler*innenzahlen Schuljahr 2022/23,csv,15,5,"InsightCard,MetricGrid,Histogram,DataTable",Show the distribution of Anzahl_staedtischer_Schulen in Schulen und Schüler*innenzahlen in München.
5.25,Schulen und Schüler*innenzahlen in München,Schulen und Schüler*innenzahlen Schuljahr 2021/22,csv,15,5,"InsightCard,MetricGrid,Histogram,DataTable",Show the distribution of Anzahl_Staedtischer_Schulen in Schulen und Schüler*innenzahlen in München.
5.25,Schulen und Schüler*innenzahlen in München,Schulen und Schüler*innenzahlen Schuljahr 2020/21,csv,15,5,"InsightCard,MetricGrid,Histogram,DataTable",Show the distribution of Anzahl_staedtischer_Schulen in Schulen und Schüler*innenzahlen in München.
5.25,Bundestagswahlen 2017 - Ergebnisse München,Bundestagswahl 2017 Erststimmen nach Wahlkreisen,csv,15,12,"InsightCard,MetricGrid,Histogram,DataTable",Show the distribution of Gebietsnummer in Bundestagswahlen 2017 - Ergebnisse München.
5.25,Bundestagswahlen 2017 - Ergebnisse München, Bundestagswahl 2017 Erststimmen nach Stadtbezirken,csv,78,12,"InsightCard,MetricGrid,Histogram,DataTable",Show the distribution of Gebietsnummer in Bundestagswahlen 2017 - Ergebnisse München.
5.25,Bundestagswahlen 2017 - Ergebnisse München,Bundestagswahl 2017 Zweitstimmen nach Wahlkreisen,csv,15,12,"InsightCard,MetricGrid,Histogram,DataTable",Show the distribution of Gebietsnummer in Bundestagswahlen 2017 - Ergebnisse München.
5.25,Bundestagswahlen 2017 - Ergebnisse München,Bundestagswahl 2017 Zweitstimmen nach Stadtbezirken,csv,78,12,"InsightCard,MetricGrid,Histogram,DataTable",Show the distribution of Gebietsnummer in Bundestagswahlen 2017 - Ergebnisse München.
5.0,"Anlagen zur Lagerung und Behandlung von Autowracks, Schrotten und Metallen (Opendata)",WFS (GML),xml,116,12,"InsightCard,MetricGrid,Histogram,DataTable","Show the distribution of strnr in Anlagen zur Lagerung und Behandlung von Autowracks, Schrotten und Metallen (Opendata)."
5.0,Sonstige Abfallentsorgungsanlagen (Opendata),WFS (GML),xml,116,12,"InsightCard,MetricGrid,Histogram,DataTable",Show the distribution of strnr in Sonstige Abfallentsorgungsanlagen (Opendata).
5.0,Abfallentsorgungsanlagen der Landeshauptstadt München,WFS (GML),xml,116,12,"InsightCard,MetricGrid,Histogram,DataTable",Show the distribution of strnr in Abfallentsorgungsanlagen der Landeshauptstadt München.
5.0,Anlagen zur Lagerung und Behandlung von Elektronikschrott (Opendata),WFS (GML),xml,116,12,"InsightCard,MetricGrid,Histogram,DataTable",Show the distribution of strnr in Anlagen zur Lagerung und Behandlung von Elektronikschrott (Opendata).
5.0,Wertstoffinseln in München,WFS (GML),xml,,12,"InsightCard,MetricGrid,Histogram,DataTable",Show the distribution of srsDimension in Wertstoffinseln in München.
5.0,Wertstoffinseln in München,Metadaten (XML),xml,221,12,"InsightCard,MetricGrid,Histogram,DataTable",Show the distribution of CharacterString in Wertstoffinseln in München.
5.0,"Anlagen zur Lagerung und Behandlung von Kompost, Biomüll und Erden (Opendata)",WFS (GML),xml,116,12,"InsightCard,MetricGrid,Histogram,DataTable","Show the distribution of strnr in Anlagen zur Lagerung und Behandlung von Kompost, Biomüll und Erden (Opendata)."
5.0,Vollstationäre Pflegeeinrichtungen,WFS (GML),xml,164,12,"InsightCard,MetricGrid,Histogram,DataTable",Show the distribution of objectid in Vollstationäre Pflegeeinrichtungen.
5.0,Anlagen zur Sortierung von Baustellen- und Gewerbemischabfällen (Opendata),WFS (GML),xml,116,12,"InsightCard,MetricGrid,Histogram,DataTable",Show the distribution of strnr in Anlagen zur Sortierung von Baustellen- und Gewerbemischabfällen (Opendata).
5.0,Alten- und Servicezentrum,WFS (GML),xml,104,12,"InsightCard,MetricGrid,Histogram,DataTable",Show the distribution of za3 in Alten- und Servicezentrum.
5.0,Barrierefreie Container für Altglas,Metadaten (XML),xml,215,12,"InsightCard,MetricGrid,Histogram,DataTable",Show the distribution of CharacterString in Barrierefreie Container für Altglas.
5.0,Anlagen zur Lagerung und Behandlung von Altpapier (Opendata),WFS (GML),xml,116,12,"InsightCard,MetricGrid,Histogram,DataTable",Show the distribution of strnr in Anlagen zur Lagerung und Behandlung von Altpapier (Opendata).
5.0,Stadtplan der städtischen Trinkbrunnen,WFS (CSV),csv,106,4,"InsightCard,DataTable",Create a compact OpenUI summary for WFS (CSV) from Stadtplan der städtischen Trinkbrunnen.
5.0,Stadtplan der städtischen Trinkbrunnen,Metadaten (XML),xml,224,12,"InsightCard,MetricGrid,Histogram,DataTable",Show the distribution of CharacterString in Stadtplan der städtischen Trinkbrunnen.
5.0,Straßennetzgraf Baureferat Tiefbau,WFS (GML),xml,,12,"InsightCard,MetricGrid,Histogram,DataTable",Show the distribution of nr in Straßennetzgraf Baureferat Tiefbau.
5.0,Straßennetzgraf Baureferat Tiefbau,Metadaten (XML),xml,217,12,"InsightCard,MetricGrid,Histogram,DataTable",Show the distribution of CharacterString in Straßennetzgraf Baureferat Tiefbau.
5.0,WC-Standorte der Landeshauptstadt München,WFS (GML),xml,932,12,"InsightCard,MetricGrid,Histogram,DataTable",Show the distribution of plz in WC-Standorte der Landeshauptstadt München.
5.0,Parkseiten,WFS (GML),xml,,12,"InsightCard,MetricGrid,Histogram,DataTable",Show the distribution of ruhver_parkseiten_line.angebot in Parkseiten.
5.0,Ladeeinrichtungen,WFS (GML),xml,,12,"InsightCard,MetricGrid,Histogram,DataTable",Show the distribution of anzahl_lp_ac in Ladeeinrichtungen.
5.0,Fahrverbotszonen für E-Tretroller,Metadaten (XML),xml,225,12,"InsightCard,MetricGrid,Histogram,DataTable",Show the distribution of CharacterString in Fahrverbotszonen für E-Tretroller.
5.0,Abstellflächen für E-Tretroller,Metadaten (XML),xml,225,12,"InsightCard,MetricGrid,Histogram,DataTable",Show the distribution of CharacterString in Abstellflächen für E-Tretroller.
5.0,Lastenradsharing Abstellflächen,Metadaten (XML),xml,225,12,"InsightCard,MetricGrid,Histogram,DataTable",Show the distribution of CharacterString in Lastenradsharing Abstellflächen.
5.0,Geofences für E-Tretroller,Metadaten (XML),xml,226,12,"InsightCard,MetricGrid,Histogram,DataTable",Show the distribution of CharacterString in Geofences für E-Tretroller.
5.0,Abstellverbotszonen für E-Tretroller,Metadaten (XML),xml,225,12,"InsightCard,MetricGrid,Histogram,DataTable",Show the distribution of CharacterString in Abstellverbotszonen für E-Tretroller.
5.0,Abstellflächen für E-Motorroller,Metadaten (XML),xml,225,12,"InsightCard,MetricGrid,Histogram,DataTable",Show the distribution of CharacterString in Abstellflächen für E-Motorroller.
5.0,Abstellverbotszonen für Bikesharing,Metadaten (XML),xml,225,12,"InsightCard,MetricGrid,Histogram,DataTable",Show the distribution of CharacterString in Abstellverbotszonen für Bikesharing.
5.0,Abstellflächen für Bikesharing,Metadaten (XML),xml,225,12,"InsightCard,MetricGrid,Histogram,DataTable",Show the distribution of CharacterString in Abstellflächen für Bikesharing.
5.0,Mobilitätspunkte,Metadaten (XML),xml,237,12,"InsightCard,MetricGrid,Histogram,DataTable",Show the distribution of CharacterString in Mobilitätspunkte.
5.0,Flexzonen für MyRadl,WFS (GML),xml,,12,"InsightCard,MetricGrid,Histogram,DataTable",Show the distribution of ruhver_mim_flexzone_myradl.objectid in Flexzonen für MyRadl.
5.0,Flexzonen für MyRadl,Metadaten (XML),xml,226,12,"InsightCard,MetricGrid,Histogram,DataTable",Show the distribution of CharacterString in Flexzonen für MyRadl.
5.0,Fahrradstraßen,WFS (GML),xml,662,12,"InsightCard,MetricGrid,Histogram,DataTable",Show the distribution of rad_fahrradstrassen_line.laenge_5m in Fahrradstraßen.
5.0,Fahrradstraßen,Metadaten (XML),xml,228,12,"InsightCard,MetricGrid,Histogram,DataTable",Show the distribution of CharacterString in Fahrradstraßen.
5.0,Altstadt-Radlring,Metadaten (XML),xml,214,12,"InsightCard,MetricGrid,Histogram,DataTable",Show the distribution of CharacterString in Altstadt-Radlring.
5.0,Radlstadtplan (Ausgeschildertes Radlnetz),WFS (GML),xml,760,12,"InsightCard,MetricGrid,Histogram,DataTable",Show the distribution of rad_rsp_route_line.status in Radlstadtplan (Ausgeschildertes Radlnetz).
5.0,Radlstadtplan (Radfahren entgegen Einbahnstraße erlaubt),Metadaten (XML),xml,224,12,"InsightCard,MetricGrid,Histogram,DataTable",Show the distribution of CharacterString in Radlstadtplan (Radfahren entgegen Einbahnstraße erlaubt).
5.0,Radlstadtplan (Gemeinsame Rad- und Fußwege),WFS (GML),xml,,12,"InsightCard,MetricGrid,Histogram,DataTable",Show the distribution of rad_rsp_gemradfusswege_line.richtung in Radlstadtplan (Gemeinsame Rad- und Fußwege).
5.0,Radlstadtplan (Radwege),WFS (GML),xml,,12,"InsightCard,MetricGrid,Histogram,DataTable",Show the distribution of rad_rsp_radwege_line.richtung in Radlstadtplan (Radwege).
5.0,Lage der Höhenfestpunkte innerhalb der Landeshauptstadt München,WFS (GML),xml,,12,"InsightCard,MetricGrid,Histogram,DataTable",Show the distribution of vagrund_hoeh_symbol.objectid in Lage der Höhenfestpunkte innerhalb der Landeshauptstadt München.
5.0,Radlstadtplan (Für Fuß- und Radverkehr freigegebene Forst- und Feldwege),WFS (GML),xml,,12,"InsightCard,MetricGrid,Histogram,DataTable",Show the distribution of rad_rsp_radwege_forstfeld_line.richtung in Radlstadtplan (Für Fuß- und Radverkehr freigegebene Forst- und Feldwege).
5.0,Kehrbezirke,WFS (GML),xml,877,12,"InsightCard,MetricGrid,Histogram,DataTable",Show the distribution of flaeche in Kehrbezirke.
5.0,Radlstadtplan (Fußgängerzone),WFS (GML),xml,808,12,"InsightCard,MetricGrid,Histogram,DataTable",Show the distribution of rad_rsp_fussg_zone.objectid in Radlstadtplan (Fußgängerzone).
5.0,Deckschichten (Opendata),WFS (GML),xml,901,12,"InsightCard,MetricGrid,Histogram,DataTable",Show the distribution of area in Deckschichten (Opendata).
5.0,Borkenkäfer Quarantänezonen,Metadaten (XML),xml,223,12,"InsightCard,MetricGrid,Histogram,DataTable",Show the distribution of CharacterString in Borkenkäfer Quarantänezonen.
5.0,Bezirksteil,WFS (GML),xml,662,12,"InsightCard,MetricGrid,Histogram,DataTable",Show the distribution of vablock_bezirksteil.bt_nummer in Bezirksteil.
5.0,Bezirksteil,Metadaten (XML),xml,205,12,"InsightCard,MetricGrid,Histogram,DataTable",Show the distribution of CharacterString in Bezirksteil.
5.0,Digitaler Flächennutzungsplan mit integrierter Landschaftsplanung der Landeshauptstadt München,Metadaten (XML),xml,213,12,"InsightCard,MetricGrid,Histogram,DataTable",Show the distribution of CharacterString in Digitaler Flächennutzungsplan mit integrierter Landschaftsplanung der Landeshauptstadt München.
5.0,Gebiete mit Erhaltungssatzungen in der Landeshauptstadt München,Metadaten (XML),xml,210,12,"InsightCard,MetricGrid,Histogram,DataTable",Show the distribution of CharacterString in Gebiete mit Erhaltungssatzungen in der Landeshauptstadt München.
5.0,Stadtbezirke,WFS (GML),xml,164,12,"InsightCard,MetricGrid,Histogram,DataTable",Show the distribution of vablock_stadtbezirk.sb_nummer in Stadtbezirke.
5.0,Stadtviertel München,WFS (GML),xml,,12,"InsightCard,MetricGrid,Histogram,DataTable",Show the distribution of vablock_viertel.objectid in Stadtviertel München.
5.0,Stadtviertel München,Metadaten (XML),xml,205,12,"InsightCard,MetricGrid,Histogram,DataTable",Show the distribution of CharacterString in Stadtviertel München.
5.0,Münchner Adressen,Adressen,txt,,4,"InsightCard,MetricGrid,Histogram,DataTable",Show the distribution of ﻿STRASSE in Münchner Adressen.
5.0,Touristische Points of Interests (POI) München,Touristische POIs München,csv,175,12,"InsightCard,DataTable",Create a compact OpenUI summary for Touristische POIs München from Touristische Points of Interests (POI) München.
5.0,Katalogdaten - Abfrage aller Titelsätze,Abfrage aller Titelsätze im Ausgabeformat MARC21,xml,917,12,"InsightCard,MetricGrid,Histogram,DataTable",Show the distribution of tag in Katalogdaten - Abfrage aller Titelsätze.
4.75,"Anlagen zur Lagerung und Behandlung von Autowracks, Schrotten und Metallen (Opendata)",Metadaten (XML),xml,2,12,"InsightCard,DataTable","Create a compact OpenUI summary for Metadaten (XML) from Anlagen zur Lagerung und Behandlung von Autowracks, Schrotten und Metallen (Opendata)."
4.75,Solarpotenzialanalyse 2018 der Landeshauptstadt München,Metadaten (XML),xml,2,12,"InsightCard,DataTable",Create a compact OpenUI summary for Metadaten (XML) from Solarpotenzialanalyse 2018 der Landeshauptstadt München.
4.75,Sonstige Abfallentsorgungsanlagen (Opendata),Metadaten (XML),xml,2,12,"InsightCard,DataTable",Create a compact OpenUI summary for Metadaten (XML) from Sonstige Abfallentsorgungsanlagen (Opendata).
4.75,Abfallentsorgungsanlagen der Landeshauptstadt München,Metadaten (XML),xml,2,12,"InsightCard,DataTable",Create a compact OpenUI summary for Metadaten (XML) from Abfallentsorgungsanlagen der Landeshauptstadt München.
4.75,Wärmedichte,Metadaten (XML),xml,2,12,"InsightCard,DataTable",Create a compact OpenUI summary for Metadaten (XML) from Wärmedichte.
4.75,Anlagen zur Lagerung und Behandlung von Elektronikschrott (Opendata),Metadaten (XML),xml,2,12,"InsightCard,DataTable",Create a compact OpenUI summary for Metadaten (XML) from Anlagen zur Lagerung und Behandlung von Elektronikschrott (Opendata).
4.75,"Anlagen zur Lagerung und Behandlung von Kompost, Biomüll und Erden (Opendata)",Metadaten (XML),xml,2,12,"InsightCard,DataTable","Create a compact OpenUI summary for Metadaten (XML) from Anlagen zur Lagerung und Behandlung von Kompost, Biomüll und Erden (Opendata)."
4.75,Sozialbürgerhaus,Metadaten (XML),xml,2,12,"InsightCard,DataTable",Create a compact OpenUI summary for Metadaten (XML) from Sozialbürgerhaus.
4.75,Vollstationäre Pflegeeinrichtungen,Metadaten (XML),xml,2,12,"InsightCard,DataTable",Create a compact OpenUI summary for Metadaten (XML) from Vollstationäre Pflegeeinrichtungen.
4.75,Anlagen zur Sortierung von Baustellen- und Gewerbemischabfällen (Opendata),Metadaten (XML),xml,2,12,"InsightCard,DataTable",Create a compact OpenUI summary for Metadaten (XML) from Anlagen zur Sortierung von Baustellen- und Gewerbemischabfällen (Opendata).
4.75,Paketboxen,Metadaten (XML),xml,2,12,"InsightCard,DataTable",Create a compact OpenUI summary for Metadaten (XML) from Paketboxen.
4.75,Märkte der Landeshauptstadt München,Metadaten (XML),xml,2,12,"InsightCard,DataTable",Create a compact OpenUI summary for Metadaten (XML) from Märkte der Landeshauptstadt München.
4.75,Alten- und Servicezentrum,Metadaten (XML),xml,2,12,"InsightCard,DataTable",Create a compact OpenUI summary for Metadaten (XML) from Alten- und Servicezentrum.
4.75,Anlagen zur Lagerung und Behandlung von Altpapier (Opendata),Metadaten (XML),xml,2,12,"InsightCard,DataTable",Create a compact OpenUI summary for Metadaten (XML) from Anlagen zur Lagerung und Behandlung von Altpapier (Opendata).
4.75,Lichtsignalanlagen,Metadaten (XML),xml,2,12,"InsightCard,DataTable",Create a compact OpenUI summary for Metadaten (XML) from Lichtsignalanlagen.
4.75,Nachbarschaftstreffs,Metadaten (XML),xml,2,12,"InsightCard,DataTable",Create a compact OpenUI summary for Metadaten (XML) from Nachbarschaftstreffs.
4.75,Informationen zu Straßennamen,Metadaten (XML),xml,3,12,"InsightCard,DataTable",Create a compact OpenUI summary for Metadaten (XML) from Informationen zu Straßennamen.
4.75,WC-Standorte der Landeshauptstadt München,Metadaten (XML),xml,2,12,"InsightCard,DataTable",Create a compact OpenUI summary for Metadaten (XML) from WC-Standorte der Landeshauptstadt München.
4.75,Blindenleitsystem Altstadt – Fußgängerzone,Metadaten (XML),xml,2,12,"InsightCard,DataTable",Create a compact OpenUI summary for Metadaten (XML) from Blindenleitsystem Altstadt – Fußgängerzone.
4.75,Parkseiten,Metadaten (XML),xml,2,12,"InsightCard,DataTable",Create a compact OpenUI summary for Metadaten (XML) from Parkseiten.
4.75,"Laden, Liefern, Leisten",Metadaten (XML),xml,2,12,"InsightCard,DataTable","Create a compact OpenUI summary for Metadaten (XML) from Laden, Liefern, Leisten."
4.75,Parkraummanagementgebiete,Metadaten (XML),xml,2,12,"InsightCard,DataTable",Create a compact OpenUI summary for Metadaten (XML) from Parkraummanagementgebiete.
4.75,Ladeeinrichtungen,Metadaten (XML),xml,2,12,"InsightCard,DataTable",Create a compact OpenUI summary for Metadaten (XML) from Ladeeinrichtungen.
4.75,Umweltzone - Verkehrszeichen,Metadaten (XML),xml,2,12,"InsightCard,DataTable",Create a compact OpenUI summary for Metadaten (XML) from Umweltzone - Verkehrszeichen.
4.75,Umweltzone,Metadaten (XML),xml,2,12,"InsightCard,DataTable",Create a compact OpenUI summary for Metadaten (XML) from Umweltzone.
4.75,Standorte der Ladeinfrastruktur,Metadaten (XML),xml,2,12,"InsightCard,DataTable",Create a compact OpenUI summary for Metadaten (XML) from Standorte der Ladeinfrastruktur.
4.75,Digitale 3L-Zonen,Metadaten (XML),xml,2,12,"InsightCard,DataTable",Create a compact OpenUI summary for Metadaten (XML) from Digitale 3L-Zonen.
4.75,Fahrradparken mit Standardmaßen,Metadaten (XML),xml,2,12,"InsightCard,DataTable",Create a compact OpenUI summary for Metadaten (XML) from Fahrradparken mit Standardmaßen.
4.75,Lastenradparken,Metadaten (XML),xml,2,12,"InsightCard,DataTable",Create a compact OpenUI summary for Metadaten (XML) from Lastenradparken.
4.75,Allgemeine Carsharing-Parkplätze,Metadaten (XML),xml,2,12,"InsightCard,DataTable",Create a compact OpenUI summary for Metadaten (XML) from Allgemeine Carsharing-Parkplätze.
4.75,Behindertenparkplätze,Metadaten (XML),xml,2,12,"InsightCard,DataTable",Create a compact OpenUI summary for Metadaten (XML) from Behindertenparkplätze.
4.75,Radservicestationen,Metadaten (XML),xml,2,12,"InsightCard,DataTable",Create a compact OpenUI summary for Metadaten (XML) from Radservicestationen.
4.75,Stationsbasierte Carsharing-Parkplätze,Metadaten (XML),xml,2,12,"InsightCard,DataTable",Create a compact OpenUI summary for Metadaten (XML) from Stationsbasierte Carsharing-Parkplätze.
4.75,Radschnellverbindungen,Metadaten (XML),xml,2,12,"InsightCard,DataTable",Create a compact OpenUI summary for Metadaten (XML) from Radschnellverbindungen.
4.75,Radentscheidmaßnahmen,Metadaten (XML),xml,2,12,"InsightCard,DataTable",Create a compact OpenUI summary for Metadaten (XML) from Radentscheidmaßnahmen.
4.75,Grüne Welle Radverkehr,Metadaten (XML),xml,2,12,"InsightCard,DataTable",Create a compact OpenUI summary for Metadaten (XML) from Grüne Welle Radverkehr.
4.75,Radlstadtplan (Radservicestationen),Metadaten (XML),xml,2,12,"InsightCard,DataTable",Create a compact OpenUI summary for Metadaten (XML) from Radlstadtplan (Radservicestationen).
4.75,Raddauerzählstellen,Metadaten (XML),xml,2,12,"InsightCard,DataTable",Create a compact OpenUI summary for Metadaten (XML) from Raddauerzählstellen.
4.75,Radlstadtplan (Graustufenstadtplan Beschriftung),Metadaten (XML),xml,2,12,"InsightCard,DataTable",Create a compact OpenUI summary for Metadaten (XML) from Radlstadtplan (Graustufenstadtplan Beschriftung).
4.75,Radlstadtplan (Ausgeschildertes Radlnetz),Metadaten (XML),xml,2,12,"InsightCard,DataTable",Create a compact OpenUI summary for Metadaten (XML) from Radlstadtplan (Ausgeschildertes Radlnetz).
4.75,Radlstadtplan (Gemeinsame Rad- und Fußwege),Metadaten (XML),xml,2,12,"InsightCard,DataTable",Create a compact OpenUI summary for Metadaten (XML) from Radlstadtplan (Gemeinsame Rad- und Fußwege).
4.75,Radlstadtplan (Verkehrsberuhigter Bereich / Tempo-30-Zone),Metadaten (XML),xml,2,12,"InsightCard,DataTable",Create a compact OpenUI summary for Metadaten (XML) from Radlstadtplan (Verkehrsberuhigter Bereich / Tempo-30-Zone).
4.75,Radlstadtplan (Graustufenstadtplan Geometrie),Metadaten (XML),xml,2,12,"InsightCard,DataTable",Create a compact OpenUI summary for Metadaten (XML) from Radlstadtplan (Graustufenstadtplan Geometrie).
4.75,Gefahrenstellen,Metadaten (XML),xml,2,12,"InsightCard,DataTable",Create a compact OpenUI summary for Metadaten (XML) from Gefahrenstellen.
4.75,Radlstadtplan (Fahrradstraßen),Metadaten (XML),xml,2,12,"InsightCard,DataTable",Create a compact OpenUI summary for Metadaten (XML) from Radlstadtplan (Fahrradstraßen).
4.75,Radlstadtplan (Radwege),Metadaten (XML),xml,2,12,"InsightCard,DataTable",Create a compact OpenUI summary for Metadaten (XML) from Radlstadtplan (Radwege).
4.75,Baden in der Isar,Metadaten (XML),xml,2,12,"InsightCard,DataTable",Create a compact OpenUI summary for Metadaten (XML) from Baden in der Isar.
4.75,Lage der Höhenfestpunkte innerhalb der Landeshauptstadt München,Metadaten (XML),xml,2,12,"InsightCard,DataTable",Create a compact OpenUI summary for Metadaten (XML) from Lage der Höhenfestpunkte innerhalb der Landeshauptstadt München.
4.75,Radlstadtplan (Für Fuß- und Radverkehr freigegebene Forst- und Feldwege),Metadaten (XML),xml,2,12,"InsightCard,DataTable",Create a compact OpenUI summary for Metadaten (XML) from Radlstadtplan (Für Fuß- und Radverkehr freigegebene Forst- und Feldwege).
4.75,Kehrbezirke,Metadaten (XML),xml,2,12,"InsightCard,DataTable",Create a compact OpenUI summary for Metadaten (XML) from Kehrbezirke.
4.75,"Baustellen - Temporäre Einschränkungen beim Gehen, Fahren und Parken (Opendata)",Metadaten (XML),xml,2,12,"InsightCard,DataTable","Create a compact OpenUI summary for Metadaten (XML) from Baustellen - Temporäre Einschränkungen beim Gehen, Fahren und Parken (Opendata)."
4.75,Bootfahren in der Isar,Metadaten (XML),xml,2,12,"InsightCard,DataTable",Create a compact OpenUI summary for Metadaten (XML) from Bootfahren in der Isar.
4.75,Radlstadtplan (Fußgängerzone),Metadaten (XML),xml,2,12,"InsightCard,DataTable",Create a compact OpenUI summary for Metadaten (XML) from Radlstadtplan (Fußgängerzone).
4.75,Deckschichten (Opendata),Metadaten (XML),xml,2,12,"InsightCard,DataTable",Create a compact OpenUI summary for Metadaten (XML) from Deckschichten (Opendata).
4.75,"Flächen von Bebauungsplänen, Bebauungsplänen in Aufstellung, Außenbereichssatzungen und Umlegungsgebieten",Metadaten (XML),xml,2,12,"InsightCard,DataTable","Create a compact OpenUI summary for Metadaten (XML) from Flächen von Bebauungsplänen, Bebauungsplänen in Aufstellung, Außenbereichssatzungen und Umlegungsgebieten."
4.75,Stadtbezirke,Metadaten (XML),xml,2,12,"InsightCard,DataTable",Create a compact OpenUI summary for Metadaten (XML) from Stadtbezirke.
4.75,Aktuelle Luftbilder der Landeshauptstadt München Bodenauflösung 20cm,Metadaten (XML),xml,2,12,"InsightCard,DataTable",Create a compact OpenUI summary for Metadaten (XML) from Aktuelle Luftbilder der Landeshauptstadt München Bodenauflösung 20cm.
4.75,Digitale Stadtkarte der Landeshauptstadt München (ab Maßstab 1:7500),Metadaten (XML),xml,2,12,"InsightCard,DataTable",Create a compact OpenUI summary for Metadaten (XML) from Digitale Stadtkarte der Landeshauptstadt München (ab Maßstab 1:7500).
4.75,Amtlicher Stadtplan der Landeshauptstadt München,Metadaten (XML),xml,2,12,"InsightCard,DataTable",Create a compact OpenUI summary for Metadaten (XML) from Amtlicher Stadtplan der Landeshauptstadt München.
4.75,Weihnachtsmärkte München,Weihnachtsmärkte München 2025,csv,29,11,"InsightCard,DataTable",Create a compact OpenUI summary for Weihnachtsmärkte München 2025 from Weihnachtsmärkte München.
4.25,Wertstoffhöfe der Landeshauptstadt München,WFS (CSV),csv,12,4,"InsightCard,DataTable",Create a compact OpenUI summary for WFS (CSV) from Wertstoffhöfe der Landeshauptstadt München.
4.25,Wertstoffhöfe der Landeshauptstadt München,WFS (GML),xml,38,12,"InsightCard,MetricGrid,Histogram,DataTable",Show the distribution of srsDimension in Wertstoffhöfe der Landeshauptstadt München.
4.25,Sozialbürgerhaus,WFS (GML),xml,38,12,"InsightCard,MetricGrid,Histogram,DataTable",Show the distribution of objectid in Sozialbürgerhaus.
4.25,Barrierefreie Container für Altglas,WFS (GML),xml,14,12,"InsightCard,MetricGrid,Histogram,DataTable",Show the distribution of glas_braun in Barrierefreie Container für Altglas.
4.25,Parkraummanagementgebiete,WFS (CSV),csv,82,7,"InsightCard,DataTable",Create a compact OpenUI summary for WFS (CSV) from Parkraummanagementgebiete.
4.25,Radservicestationen,WFS (CSV),csv,19,6,"InsightCard,DataTable",Create a compact OpenUI summary for WFS (CSV) from Radservicestationen.
4.25,Radentscheidmaßnahmen,WFS (CSV),csv,58,8,"InsightCard,DataTable",Create a compact OpenUI summary for WFS (CSV) from Radentscheidmaßnahmen.
4.25,Grüne Welle Radverkehr,WFS (GML),xml,22,12,"InsightCard,MetricGrid,Histogram,DataTable",Show the distribution of rad_gruene_welle_line.laenge_m in Grüne Welle Radverkehr.
4.25,Radlstadtplan (Radservicestationen),WFS (CSV),csv,19,6,"InsightCard,DataTable",Create a compact OpenUI summary for WFS (CSV) from Radlstadtplan (Radservicestationen).
4.25,Borkenkäfer Quarantänezonen,WFS (GML),xml,17,12,"InsightCard,MetricGrid,Histogram,DataTable",Show the distribution of objectid in Borkenkäfer Quarantänezonen.
4.25,Sitzplätze Münchner Kammerspiele,Anzahl Sitzplätze Kammerspiele und Schauburg,csv,37,4,"InsightCard,DataTable",Create a compact OpenUI summary for Anzahl Sitzplätze Kammerspiele und Schauburg from Sitzplätze Münchner Kammerspiele.
4.25,Points of Interest an der südlichen Isar,POIs an der Isar,csv,44,8,"InsightCard,DataTable",Create a compact OpenUI summary for POIs an der Isar from Points of Interest an der südlichen Isar.
4.25,P+R-Anlagen - Belegungsprognosen,Belegungsprognosen P+R Anlagen München,csv,34,12,"InsightCard,DataTable",Create a compact OpenUI summary for Belegungsprognosen P+R Anlagen München from P+R-Anlagen - Belegungsprognosen.
4.25,Munich IT Dashboard,Software bei der LHM,csv,85,4,"InsightCard,DataTable",Create a compact OpenUI summary for Software bei der LHM from Munich IT Dashboard.
4.0,Stadtplan der städtischen Trinkbrunnen,WFS (GML),xml,426,12,"InsightCard,DataTable",Create a compact OpenUI summary for WFS (GML) from Stadtplan der städtischen Trinkbrunnen.
4.0,Parkraummanagementgebiete,WFS (GML),xml,494,12,"InsightCard,DataTable",Create a compact OpenUI summary for WFS (GML) from Parkraummanagementgebiete.
4.0,Umweltzone,WFS (GML),xml,240,12,"InsightCard,DataTable",Create a compact OpenUI summary for WFS (GML) from Umweltzone.
4.0,Radschnellverbindungen,WFS (GML),xml,100,12,"InsightCard,DataTable",Create a compact OpenUI summary for WFS (GML) from Radschnellverbindungen.
3.75,Belegung Gewerbehöfe,Belegung Gewerbehöfe,csv,14,2,"InsightCard,DataTable",Create a compact OpenUI summary for Belegung Gewerbehöfe from Belegung Gewerbehöfe.
3.25,Radservicestationen,WFS (GML),xml,78,12,"InsightCard,DataTable",Create a compact OpenUI summary for WFS (GML) from Radservicestationen.
3.25,Radlstadtplan (Radservicestationen),WFS (GML),xml,78,12,"InsightCard,DataTable",Create a compact OpenUI summary for WFS (GML) from Radlstadtplan (Radservicestationen).
3.25,Altstadt-Radlring,WFS (GML),xml,66,12,"InsightCard,DataTable",Create a compact OpenUI summary for WFS (GML) from Altstadt-Radlring.
3.25,Referate der Landeshauptstadt München,Liste der Referate der LHM,csv,15,5,"InsightCard,DataTable",Create a compact OpenUI summary for Liste der Referate der LHM from Referate der Landeshauptstadt München.
3.25,Ladeinfrastruktur,WFS (GML),xml,1,3,"InsightCard,DataTable",Create a compact OpenUI summary for WFS (GML) from Ladeinfrastruktur.
